c000,0.92,0.926667,0.933333,0.94,0.946667,0.953333,0.96,0.966667,0.973333,0.98,0.986667,0.993333,1.0,1.006667,1.013333,1.02,1.026667,1.033333,1.04,1.046667,1.053333,1.06,1.066667,1.073333,1.08
c001,-0.03,-0.0275,-0.025,-0.0225,-0.02,-0.0175,-0.015,-0.0125,-0.01,-0.0075,-0.005,-0.0025,0.0,0.0025,0.005,0.0075,0.01,0.0125,0.015,0.0175,0.02,0.0225,0.025,0.0275,0.03
c002,-0.02,-0.019797,-0.019213,-0.018281,-0.017037,-0.015515,-0.01375,-0.011777,-0.00963,-0.007344,-0.004954,-0.002494,0.0,0.002633,0.005509,0.008594,0.011852,0.015249,0.01875,0.022321,0.025926,0.029531,0.033102,0.036603,0.04
c003,0.127928,0.131697,0.135416,0.139101,0.142769,0.146437,0.150122,0.153841,0.15761,0.161446,0.165367,0.169389,0.173528,0.177797,0.182184,0.186671,0.191243,0.195882,0.200572,0.205296,0.210036,0.214776,0.219499,0.224189,0.228828
c004,0.26443,0.268196,0.271912,0.275593,0.279258,0.282923,0.286604,0.29032,0.294086,0.297921,0.30184,0.305861,0.31,0.314269,0.318657,0.323147,0.327722,0.332364,0.337057,0.341784,0.346529,0.351273,0.356,0.360693,0.365335
c005,0.11,0.11,0.11,0.11,0.11,0.11,0.11,0.11,0.11,0.11,0.11,0.11,0.11,0.11,0.11,0.11,0.11,0.11,0.11,0.11,0.11,0.11,0.11,0.11,0.11
c006,0.300196,0.304363,0.30853,0.312696,0.316863,0.32103,0.325196,0.329363,0.33353,0.337696,0.341863,0.34603,0.350196,0.354363,0.35853,0.362696,0.366863,0.37103,0.375196,0.379363,0.38353,0.387696,0.391863,0.39603,0.400196
c007,0.030028,0.030028,0.030028,0.030028,0.030028,0.030028,0.030028,0.030028,0.030028,0.030028,0.030028,0.030028,0.030028,0.030028,0.030028,0.030028,0.030028,0.030028,0.030028,0.030028,0.030028,0.030028,0.030028,0.030028,0.030028
c008,0.64956,0.652924,0.656287,0.659651,0.663014,0.666377,0.669741,0.673104,0.676467,0.679831,0.683194,0.686558,0.689921,0.693284,0.696648,0.700011,0.703375,0.706739,0.710102,0.713466,0.716829,0.720193,0.723557,0.72692,0.730284
c009,0.93,0.935833,0.941667,0.9475,0.953333,0.959167,0.965,0.970833,0.976667,0.9825,0.988333,0.994167,1.0,1.005833,1.011667,1.0175,1.023333,1.029167,1.035,1.040833,1.046667,1.0525,1.058333,1.064167,1.07
c010,-0.205,-0.208734,-0.212442,-0.216133,-0.219815,-0.223497,-0.227187,-0.230896,-0.23463,-0.238398,-0.242211,-0.246075,-0.25,-0.253992,-0.258044,-0.262148,-0.266296,-0.270479,-0.274687,-0.278913,-0.283148,-0.287383,-0.291609,-0.295817,-0.3
c011,0.229,0.232333,0.235667,0.239,0.242333,0.245667,0.249,0.252333,0.255667,0.259,0.262333,0.265667,0.269,0.272333,0.275667,0.279,0.282333,0.285667,0.289,0.292333,0.295667,0.299,0.302333,0.305667,0.309
c012,0.003,0.00275,0.0025,0.00225,0.002,0.00175,0.0015,0.00125,0.001,0.00075,0.0005,0.00025,-0.0,-0.00025,-0.0005,-0.00075,-0.001,-0.00125,-0.0015,-0.00175,-0.002,-0.00225,-0.0025,-0.00275,-0.003
c013,8.0,7.333333,6.666667,6.0,5.333333,4.666667,4.0,3.333333,2.666667,2.0,1.333333,0.666667,0.0,-0.6666999999999916,-1.3333000000000084,-2.0,-2.6666999999999916,-3.3333000000000084,-4.0,-4.666699999999992,-5.333300000000008,-6.0,-6.666699999999992,-7.333300000000008,-8.0
c014,-0.4,-0.391667,-0.383333,-0.375,-0.366667,-0.358333,-0.35,-0.341667,-0.333333,-0.325,-0.316667,-0.308333,-0.3,-0.291667,-0.283333,-0.275,-0.266667,-0.258333,-0.25,-0.241667,-0.233333,-0.225,-0.216667,-0.208333,-0.2
c015,0.5,0.541667,0.583333,0.625,0.666667,0.708333,0.75,0.791667,0.833333,0.875,0.916667,0.958333,1.0,1.041667,1.083333,1.125,1.166667,1.208333,1.25,1.291667,1.333333,1.375,1.416667,1.458333,1.5
c016,-0.02,-0.026667,-0.033333,-0.04,-0.046667,-0.053333,-0.06,-0.066667,-0.073333,-0.08,-0.086667,-0.093333,-0.1,-0.106667,-0.113333,-0.12,-0.126667,-0.133333,-0.14,-0.146667,-0.153333,-0.16,-0.166667,-0.173333,-0.18
c017,0.02,0.026667,0.033333,0.04,0.046667,0.053333,0.06,0.066667,0.073333,0.08,0.086667,0.093333,0.1,0.106667,0.113333,0.12,0.126667,0.133333,0.14,0.146667,0.153333,0.16,0.166667,0.173333,0.18
c018,0.3,0.283333,0.266667,0.25,0.233333,0.216667,0.2,0.183333,0.166667,0.15,0.133333,0.116667,0.1,0.083333,0.066667,0.05,0.033333,0.016667,-0.0,-0.016667,-0.033333,-0.05,-0.066667,-0.083333,-0.1
c019,-0.05,-0.0375,-0.025,-0.0125,0.0,0.0125,0.025,0.0375,0.05,0.0625,0.075,0.0875,0.1,0.1125,0.125,0.1375,0.15,0.1625,0.175,0.1875,0.2,0.2125,0.225,0.2375,0.25
c020,-0.28,-0.283301,-0.286551,-0.289766,-0.292963,-0.29616,-0.299375,-0.302624,-0.305926,-0.309297,-0.312755,-0.316317,-0.32,-0.323817,-0.327755,-0.331797,-0.335926,-0.340124,-0.344375,-0.34866,-0.352963,-0.357266,-0.361551,-0.365802,-0.37
c021,0.28,0.283301,0.286551,0.289766,0.292963,0.29616,0.299375,0.302624,0.305926,0.309297,0.312755,0.316317,0.32,0.323817,0.327755,0.331797,0.335926,0.340124,0.344375,0.34866,0.352963,0.357266,0.361551,0.365802,0.37
c022,0.31,0.3175,0.325,0.3325,0.34,0.3475,0.355,0.3625,0.37,0.3775,0.385,0.3925,0.4,0.4075,0.415,0.4225,0.43,0.4375,0.445,0.4525,0.46,0.4675,0.475,0.4825,0.49
c023,0.1,0.108333,0.116667,0.125,0.133333,0.141667,0.15,0.158333,0.166667,0.175,0.183333,0.191667,0.2,0.208333,0.216667,0.225,0.233333,0.241667,0.25,0.258333,0.266667,0.275,0.283333,0.291667,0.3
c024,-0.26,-0.265095,-0.270347,-0.275703,-0.281111,-0.286519,-0.291875,-0.297127,-0.302222,-0.307109,-0.311736,-0.31605,-0.32,-0.323741,-0.327431,-0.331016,-0.334444,-0.337665,-0.340625,-0.343273,-0.345556,-0.347422,-0.348819,-0.349696,-0.35
c025,0.26,0.265095,0.270347,0.275703,0.281111,0.286519,0.291875,0.297127,0.302222,0.307109,0.311736,0.31605,0.32,0.323741,0.327431,0.331016,0.334444,0.337665,0.340625,0.343273,0.345556,0.347422,0.348819,0.349696,0.35
c026,-0.05,-0.045786,-0.041493,-0.037148,-0.032778,-0.028407,-0.024063,-0.01977,-0.015556,-0.011445,-0.007465,-0.003641,0.0,0.003495,0.006895,0.010197,0.013398,0.016495,0.019485,0.022364,0.02513,0.02778,0.03031,0.032718,0.035
c027,-0.05,-0.045833,-0.041667,-0.0375,-0.033333,-0.029167,-0.025,-0.020833,-0.016667,-0.0125,-0.008333,-0.004167,0.0,0.004167,0.008333,0.0125,0.016667,0.020833,0.025,0.029167,0.033333,0.0375,0.041667,0.045833,0.05
c028,0.0,0.0,0.0,0.0,0.0,0.0,0.0,0.0,0.0,0.0,0.0,0.0,0.0,0.0,0.0,0.0,0.0,0.0,0.0,0.0,0.0,0.0,0.0,0.0,0.0
c029,2.5,2.291666,2.083334,1.875,1.666667,1.458334,1.25,1.041667,0.833333,0.625,0.416666,0.208333,0.0,-0.20830000000000837,-0.41669999999999163,-0.625,-0.8333000000000084,-1.0416999999999916,-1.25,-1.4583000000000084,-1.6666999999999916,-1.875,-2.0833000000000084,-2.2916999999999916,-2.5
c030,-0.288973,-0.291969,-0.295096,-0.298309,-0.301566,-0.304822,-0.308036,-0.311162,-0.314158,-0.316981,-0.319586,-0.321932,-0.323973,-0.325682,-0.327087,-0.328231,-0.329158,-0.329912,-0.330536,-0.331072,-0.331566,-0.332059,-0.332596,-0.333219,-0.333973
c031,0.288589,0.291586,0.294712,0.297926,0.301182,0.304439,0.307652,0.310779,0.313775,0.316597,0.319203,0.321548,0.32359,0.325298,0.326703,0.327847,0.328775,0.329529,0.330152,0.330689,0.331182,0.331676,0.332212,0.332836,0.33359
c032,0.518421,0.522587,0.526754,0.530921,0.535088,0.539254,0.543421,0.547588,0.551754,0.555921,0.560087,0.564254,0.568421,0.572588,0.576754,0.580921,0.585087,0.589254,0.593421,0.597588,0.601754,0.605921,0.610088,0.614254,0.618421
c033,0.76,0.780127,0.800463,0.820937,0.841481,0.862025,0.8825,0.902836,0.922963,0.942813,0.962315,0.9814,1.0,1.018067,1.035648,1.052812,1.06963,1.086169,1.1025,1.118692,1.134815,1.150938,1.16713,1.183461,1.2
c034,0.76,0.779491,0.798148,0.81625,0.834074,0.851898,0.87,0.888657,0.908148,0.92875,0.950741,0.974398,1.0,1.027731,1.057407,1.08875,1.121481,1.155324,1.19,1.225231,1.260741,1.29625,1.331481,1.366157,1.4
c035,20.0,18.33333,16.66667,15.0,13.33333,11.66667,10.0,8.333332,6.666666,5.0,3.333332,1.666667,1e-06,-1.6666999999999916,-3.3333000000000084,-5.0,-6.666699999999992,-8.333300000000008,-10.0,-11.666699999999992,-13.333300000000008,-15.0,-16.66669999999999,-18.33330000000001,-20.0
c036,-20.0,-18.33330000000001,-16.66669999999999,-15.0,-13.333300000000008,-11.666699999999992,-10.0,-8.333300000000008,-6.666699999999992,-5.0,-3.3333000000000084,-1.6666999999999916,-1e-06,1.666665,3.333336,4.999999,6.666665,8.333336,10.0,11.66667,13.33333,15.0,16.66667,18.33334,20.0
c037,10.0,9.166666,8.333335,7.5,6.666666,5.833334,5.0,4.166666,3.333333,2.5,1.666666,0.833333,0.0,-0.8333000000000084,-1.6666999999999916,-2.5,-3.3333000000000084,-4.166699999999992,-5.0,-5.833300000000008,-6.666699999999992,-7.5,-8.333300000000008,-9.166699999999992,-10.0
c038,-10.0,-9.166699999999992,-8.333300000000008,-7.5,-6.666699999999992,-5.833300000000008,-5.0,-4.166699999999992,-3.3333000000000084,-2.5,-1.6666999999999916,-0.8333000000000084,-0.0,0.833333,1.666668,2.5,3.333333,4.166668,5.0,5.833332,6.666667,7.5,8.333334,9.16667,10.0
c039,31.0,31.33333,31.66666,32.0,32.33333,32.66667,33.0,33.33333,33.66667,34.0,34.33334,34.66667,35.0,35.33334,35.66667,36.0,36.33333,36.66667,37.0,37.33334,37.66667,38.0,38.33333,38.66666,39.0
c040,-31.0,-31.33330000000001,-31.66669999999999,-32.0,-32.33330000000001,-32.66669999999999,-33.0,-33.33330000000001,-33.66669999999999,-34.0,-34.33330000000001,-34.66669999999999,-35.0,-35.33330000000001,-35.66669999999999,-36.0,-36.33330000000001,-36.66669999999999,-37.0,-37.33330000000001,-37.66669999999999,-38.0,-38.33330000000001,-38.66669999999999,-39.0
c041,-0.0,-0.0,-0.0,-0.0,-0.0,-0.0,-0.0,-0.0,-0.0,-0.0,-0.0,-0.0,0.0,-0.000133,-0.000509,-0.001094,-0.001852,-0.002749,-0.00375,-0.004821,-0.005926,-0.007031,-0.008102,-0.009103,-0.01
c042,-40.0,-40.83330000000001,-41.66669999999999,-42.5,-43.33330000000001,-44.16669999999999,-45.0,-45.83330000000001,-46.66669999999999,-47.5,-48.33330000000001,-49.16669999999999,-50.0,-50.83330000000001,-51.66669999999999,-52.5,-53.33330000000001,-54.16669999999999,-55.0,-55.83330000000001,-56.66669999999999,-57.5,-58.33330000000001,-59.16669999999999,-60.0
c043,-0.0,-0.0,-0.0,-0.0,-0.0,-0.0,-0.0,-0.0,-0.0,-0.0,-0.0,-0.0,-0.0,0.000133,0.000509,0.001094,0.001852,0.002749,0.00375,0.004821,0.005926,0.007031,0.008102,0.009103,0.01
c044,40.0,40.83334,41.66667,42.5,43.33334,44.16667,45.0,45.83334,46.66667,47.5,48.33333,49.16667,50.0,50.83333,51.66666,52.5,53.33333,54.16667,55.0,55.83333,56.66667,57.5,58.33333,59.16667,60.0
c045,-6.0,-5.5,-5.0,-4.5,-4.0,-3.5,-3.0,-2.5,-2.0,-1.5,-1.0,-0.5,-0.0,0.499999,1.000001,1.5,1.999999,2.500001,3.0,3.5,4.000001,4.499999,5.0,5.500001,6.0
c046,-1.0,-0.9166999999999916,-0.8333000000000084,-0.75,-0.6666999999999916,-0.5833000000000084,-0.5,-0.41669999999999163,-0.33330000000000837,-0.25,-0.16669999999999163,-0.08330000000000837,-0.0,0.083333,0.166667,0.25,0.333333,0.416667,0.5,0.583333,0.666667,0.75,0.833333,0.916667,1.0
c047,1.0,0.916667,0.833333,0.75,0.666667,0.583333,0.5,0.416667,0.333333,0.25,0.166667,0.083333,0.0,-0.08330000000000837,-0.16669999999999163,-0.25,-0.33330000000000837,-0.41669999999999163,-0.5,-0.5833000000000084,-0.6666999999999916,-0.75,-0.8333000000000084,-0.9166999999999916,-1.0
c048,6.0,5.5,5.0,4.5,4.0,3.5,3.0,2.5,2.0,1.5,1.0,0.5,0.0,-0.5,-1.0,-1.5,-2.0,-2.5,-3.0,-3.5,-4.0,-4.5,-5.0,-5.5,-6.0
c049,-24.5,-24.125,-23.75,-23.375,-23.0,-22.625,-22.25,-21.875,-21.5,-21.125,-20.75,-20.375,-20.0,-19.625,-19.25,-18.875,-18.5,-18.125,-17.75,-17.375,-17.0,-16.625,-16.25,-15.875,-15.5
c050,15.5,15.875,16.25,16.625,17.0,17.375,17.75,18.125,18.5,18.875,19.25,19.625,20.0,20.375,20.75,21.125,21.5,21.875,22.25,22.625,23.0,23.375,23.75,24.125,24.5
c051,-9.946300000000008,-9.125200000000007,-8.302099999999996,-7.477100000000007,-6.650599999999997,-5.822499999999991,-4.993200000000002,-4.1626999999999725,-3.331299999999999,-2.4990999999999985,-1.66640000000001,-0.8333000000000084,-1e-06,0.833301,1.666414,2.499144,3.331306,4.162715,4.993183,5.822527,6.650574,7.477143,8.302065,9.12518,9.946316
c052,-5.90949999999998,-5.4302000000000135,-4.947499999999991,-4.4617000000000075,-3.973099999999988,-3.481899999999996,-2.9886000000000195,-2.4934000000000083,-1.9966000000000008,-1.4986000000000104,-0.9995999999999867,-0.4999000000000251,-0.0,0.499947,0.999578,1.498573,1.996618,2.493401,2.988605,3.48192,3.973041,4.461657,4.947471,5.430183,5.909496
c053,9.946316,9.125175,8.302066,7.477143,6.650572,5.822528,4.993183,4.162713,3.331307,2.499145,1.666412,0.833302,1e-06,-0.8333000000000084,-1.66640000000001,-2.4990999999999985,-3.331299999999999,-4.1626999999999725,-4.993200000000002,-5.822499999999991,-6.650599999999997,-7.477100000000007,-8.302099999999996,-9.125200000000007,-9.946300000000008
c054,5.909496,5.430182,4.947472,4.461658,3.97304,3.481921,2.988605,2.4934,1.996619,1.498573,0.999576,0.499947,0.0,-0.4999000000000251,-0.9995999999999867,-1.4986000000000104,-1.9966000000000008,-2.4934000000000083,-2.9886000000000195,-3.481899999999996,-3.973099999999988,-4.4617000000000075,-4.947499999999991,-5.4302000000000135,-5.90949999999998
c055,-0.035,-0.032083,-0.029167,-0.02625,-0.023333,-0.020417,-0.0175,-0.014583,-0.011667,-0.00875,-0.005833,-0.002917,0.0,0.002917,0.005833,0.00875,0.011667,0.014583,0.0175,0.020417,0.023333,0.02625,0.029167,0.032083,0.035
c056,0.015,0.01375,0.0125,0.01125,0.01,0.00875,0.0075,0.00625,0.005,0.00375,0.0025,0.00125,-0.0,-0.00125,-0.0025,-0.00375,-0.005,-0.00625,-0.0075,-0.00875,-0.01,-0.01125,-0.0125,-0.01375,-0.015
c057,1.5,1.375,1.25,1.125,1.0,0.875,0.75,0.625,0.5,0.375,0.25,0.125,0.0,-0.125,-0.25,-0.375,-0.5,-0.625,-0.75,-0.875,-1.0,-1.125,-1.25,-1.375,-1.5
c058,-0.029983,-0.029679,-0.028803,-0.027407,-0.025542,-0.023261,-0.020615,-0.017657,-0.014439,-0.011012,-0.007428,-0.00374,0.0,0.003949,0.008263,0.012889,0.017777,0.022872,0.028124,0.03348,0.038888,0.044296,0.049653,0.054904,0.06
c059,-0.015,-0.013814,-0.012731,-0.011719,-0.010741,-0.009763,-0.00875,-0.007668,-0.006481,-0.005156,-0.003657,-0.00195,0.0,0.002216,0.004676,0.007344,0.010185,0.013166,0.01625,0.019404,0.022593,0.025781,0.028935,0.03202,0.035
c060,-0.015,-0.013734,-0.012442,-0.011133,-0.009815,-0.008497,-0.007188,-0.005896,-0.00463,-0.003398,-0.002211,-0.001075,0.0,0.001072,0.002188,0.00332,0.004444,0.005534,0.006562,0.007504,0.008333,0.009023,0.009549,0.009883,0.01
c061,-8.0,-7.91579999999999,-7.673600000000022,-7.289100000000019,-6.777800000000013,-6.155399999999986,-5.4375,-4.63979999999998,-3.7778000000000134,-2.8672000000000253,-1.9236000000000217,-0.9626999999999839,-0.0,1.004918,2.094909,3.257813,4.48148,5.753763,7.0625,8.395542,9.740741,11.08594,12.41898,13.72772,15.0
c062,0.8,0.816667,0.833333,0.85,0.866667,0.883333,0.9,0.916667,0.933333,0.95,0.966667,0.983333,1.0,1.016667,1.033333,1.05,1.066667,1.083333,1.1,1.116667,1.133333,1.15,1.166667,1.183333,1.2
c063,0.9,0.908333,0.916667,0.925,0.933333,0.941667,0.95,0.958333,0.966667,0.975,0.983333,0.991667,1.0,1.008333,1.016667,1.025,1.033333,1.041667,1.05,1.058333,1.066667,1.075,1.083333,1.091667,1.1
c064,-0.03,-0.029728,-0.028935,-0.027656,-0.025926,-0.023779,-0.02125,-0.018374,-0.015185,-0.011719,-0.008009,-0.004091,0.0,0.004433,0.009352,0.014687,0.02037,0.026331,0.0325,0.038808,0.045185,0.051562,0.05787,0.064039,0.07
c065,0.015,0.014921,0.014675,0.014249,0.013628,0.012799,0.011747,0.01046,0.008923,0.007122,0.005044,0.002674,-0.0,-0.002845,-0.005715,-0.008606,-0.011515,-0.014438,-0.017372,-0.020313,-0.023258,-0.026202,-0.029143,-0.032077,-0.035
c066,0.8,0.801389,0.805556,0.8125,0.822222,0.834722,0.85,0.868056,0.888889,0.9125,0.938889,0.968055,1.0,1.035995,1.076852,1.121875,1.17037,1.221644,1.275,1.329745,1.385185,1.440625,1.49537,1.548727,1.6
c067,-25.0,-22.86250000000001,-20.636599999999987,-18.35160000000002,-16.036999999999978,-13.722500000000025,-11.4375,-9.211500000000001,-7.074099999999987,-5.054700000000025,-3.182900000000018,-1.4880999999999744,-1e-06,1.312788,2.502317,3.570312,4.518517,5.34867,6.062499,6.661748,7.148149,7.523437,7.789352,7.947628,8.0
c068,0.005,0.004583,0.004167,0.00375,0.003333,0.002917,0.0025,0.002083,0.001667,0.00125,0.000833,0.000417,-0.0,-0.000417,-0.000833,-0.00125,-0.001667,-0.002083,-0.0025,-0.002917,-0.003333,-0.00375,-0.004167,-0.004583,-0.005
c069,25.0,22.86256,20.63658,18.35156,16.03703,13.72251,11.4375,9.211514,7.074073,5.054688,3.182868,1.488137,1e-06,-1.3127999999999815,-2.502299999999991,-3.5702999999999747,-4.518500000000017,-5.348700000000008,-6.0625,-6.661699999999996,-7.148199999999974,-7.523399999999981,-7.789300000000026,-7.947600000000023,-8.0
c070,-0.04,-0.043333,-0.046667,-0.05,-0.053333,-0.056667,-0.06,-0.063333,-0.066667,-0.07,-0.073333,-0.076667,-0.08,-0.083333,-0.086667,-0.09,-0.093333,-0.096667,-0.1,-0.103333,-0.106667,-0.11,-0.113333,-0.116667,-0.12
c071,0.04,0.043333,0.046667,0.05,0.053333,0.056667,0.06,0.063333,0.066667,0.07,0.073333,0.076667,0.08,0.083333,0.086667,0.09,0.093333,0.096667,0.1,0.103333,0.106667,0.11,0.113333,0.116667,0.12
c072,-0.088,-0.084395,-0.080798,-0.077206,-0.073615,-0.070025,-0.066433,-0.062835,-0.059231,-0.055617,-0.05199,-0.04835,-0.044692,-0.041016,-0.037324,-0.033617,-0.029897,-0.026169,-0.022433,-0.018692,-0.014949,-0.011206,-0.007465,-0.003729,0.0
c073,0.135,0.134747,0.134016,0.132852,0.131296,0.129394,0.127188,0.124721,0.122037,0.11918,0.116192,0.113118,0.11,0.106709,0.103113,0.099258,0.095185,0.090939,0.086563,0.082099,0.077593,0.073086,0.068623,0.064246,0.06
c074,20.0,18.33333,16.66667,15.0,13.33333,11.66667,10.0,8.333332,6.666667,5.0,3.333332,1.666667,1e-06,-1.6666999999999916,-3.3333000000000084,-5.0,-6.666699999999992,-8.333300000000008,-10.0,-11.666699999999992,-13.333300000000008,-15.0,-16.66669999999999,-18.33330000000001,-20.0
c075,-35.0,-32.08330000000001,-29.16669999999999,-26.25,-23.33330000000001,-20.41669999999999,-17.5,-14.583300000000008,-11.666699999999992,-8.75,-5.833300000000008,-2.9166999999999916,-1e-06,2.916664,5.833337,8.749999,11.66666,14.58334,17.5,20.41667,23.33334,26.24999,29.16667,32.08334,35.0
c076,35.0,32.08334,29.16667,26.25,23.33333,20.41667,17.5,14.58333,11.66667,8.750001,5.833329,2.916667,1e-06,-2.9166999999999916,-5.833300000000008,-8.75,-11.666699999999992,-14.583300000000008,-17.5,-20.41669999999999,-23.33330000000001,-26.25,-29.16669999999999,-32.08330000000001,-35.0
c077,-0.040002,-0.036668,-0.033335,-0.030001,-0.026668,-0.023334,-0.020001,-0.016667,-0.013334,-0.01,-0.006667,-0.003333,0.0,0.003333,0.006667,0.01,0.013333,0.016666,0.019999,0.023333,0.026666,0.029999,0.033332,0.036665,0.039998
c078,0.035,0.032083,0.029167,0.02625,0.023333,0.020417,0.0175,0.014583,0.011667,0.00875,0.005833,0.002917,-0.0,-0.002917,-0.005833,-0.00875,-0.011667,-0.014583,-0.0175,-0.020417,-0.023333,-0.02625,-0.029167,-0.032083,-0.035
c079,-4.0,-3.6666999999999916,-3.3333000000000084,-3.0,-2.6666999999999916,-2.3333000000000084,-2.0,-1.6666999999999916,-1.3333000000000084,-1.0,-0.6666999999999916,-0.33330000000000837,-0.0,0.333333,0.666667,1.0,1.333333,1.666667,2.0,2.333333,2.666667,3.0,3.333333,3.666667,4.0
c080,-0.02,-0.018206,-0.016204,-0.014063,-0.011852,-0.009641,-0.0075,-0.005498,-0.003704,-0.002188,-0.001019,-0.000266,0.0,0.0,0.0,0.0,0.0,0.0,0.0,0.0,0.0,0.0,0.0,0.0,0.0
c081,0.15,0.148591,0.146921,0.145078,0.143148,0.141218,0.139375,0.137705,0.136296,0.135234,0.134606,0.134499,0.135,0.136166,0.13794,0.140234,0.142963,0.146039,0.149375,0.152885,0.156481,0.160078,0.163588,0.166924,0.17
c082,-0.109902,-0.107402,-0.104902,-0.102402,-0.099902,-0.097402,-0.094902,-0.092402,-0.089902,-0.087402,-0.084902,-0.082402,-0.079902,-0.077402,-0.074902,-0.072402,-0.069902,-0.067402,-0.064902,-0.062402,-0.059902,-0.057402,-0.054902,-0.052402,-0.049902
c083,0.39,0.390833,0.391667,0.3925,0.393333,0.394167,0.395,0.395833,0.396667,0.3975,0.398333,0.399167,0.4,0.400833,0.401667,0.4025,0.403333,0.404167,0.405,0.405833,0.406667,0.4075,0.408333,0.409167,0.41
c084,-0.016,-0.014667,-0.013333,-0.012,-0.010667,-0.009333,-0.008,-0.006667,-0.005333,-0.004,-0.002667,-0.001333,0.0,0.0,0.0,0.0,0.0,0.0,0.0,0.0,0.0,0.0,0.0,0.0,0.0
c085,0.85,0.8625,0.875,0.8875,0.9,0.9125,0.925,0.9375,0.95,0.9625,0.975,0.9875,1.0,1.0125,1.025,1.0375,1.05,1.0625,1.075,1.0875,1.1,1.1125,1.125,1.1375,1.15
c086,-0.15,-0.15,-0.15,-0.15,-0.15,-0.15,-0.15,-0.15,-0.15,-0.15,-0.15,-0.15,-0.15,-0.153333,-0.156667,-0.16,-0.163333,-0.166667,-0.17,-0.173333,-0.176667,-0.18,-0.183333,-0.186667,-0.19
c087,0.027899,0.0314,0.03489,0.038371,0.041849,0.045326,0.048808,0.052297,0.055798,0.059315,0.062852,0.066412,0.07,0.073618,0.077264,0.080933,0.084622,0.088327,0.092044,0.095768,0.099496,0.103225,0.106949,0.110666,0.114371
c088,-0.03784,-0.04143,-0.045148,-0.048951,-0.052796,-0.05664,-0.060443,-0.064161,-0.067752,-0.071173,-0.074383,-0.07734,-0.08,-0.082449,-0.084787,-0.086995,-0.089054,-0.090943,-0.092643,-0.094135,-0.0954,-0.096417,-0.097168,-0.097633,-0.097792
c089,0.054,0.053975,0.053922,0.053871,0.053853,0.053899,0.054038,0.054303,0.054723,0.05533,0.056154,0.057226,0.058576,0.060255,0.06226,0.064545,0.067062,0.069766,0.07261,0.075547,0.078531,0.081515,0.084452,0.087296,0.09
c090,-0.08,-0.073238,-0.066319,-0.059297,-0.052222,-0.045148,-0.038125,-0.031207,-0.024444,-0.017891,-0.011597,-0.005616,0.0,0.005217,0.010069,0.014609,0.018889,0.02296,0.026875,0.030686,0.034444,0.038203,0.042014,0.045929,0.05
c091,0.0,0.0,0.0,0.0,0.0,0.0,0.0,0.0,0.0,0.0,0.0,0.0,0.0,-0.2950999999999908,-1.1111000000000217,-2.3437000000000126,-3.8888999999999783,-5.642400000000009,-7.5,-9.35759999999999,-11.111100000000022,-12.656200000000013,-13.888899999999978,-14.70490000000001,-15.0
c092,0.0,0.0,0.0,0.0,0.0,0.0,0.0,0.0,0.0,0.0,0.0,0.0,-0.0,0.295138,1.111113,2.34375,3.888887,5.642365,7.499999,9.357637,11.11111,12.65625,13.88889,14.70486,15.0
c093,1.2,1.183333,1.166667,1.15,1.133334,1.116668,1.100001,1.083335,1.066668,1.050001,1.033334,1.016667,1.0,0.983332,0.966665,0.949997,0.933328,0.91666,0.899992,0.883323,0.866654,0.849986,0.833317,0.816649,0.8
c094,-15.0,-13.75,-12.5,-11.25,-10.0,-8.75,-7.5,-6.25,-5.0,-3.75,-2.5,-1.25,-1e-06,1.249999,2.500002,3.749999,4.999999,6.250001,7.5,8.75,10.0,11.25,12.5,13.75,15.0
c095,15.0,13.75,12.5,11.25,9.999998,8.750002,7.5,6.249999,5.0,3.75,2.499999,1.25,1e-06,-1.25,-2.5,-3.75,-5.0,-6.25,-7.5,-8.75,-10.0,-11.25,-12.5,-13.75,-15.0
c096,-7.5,-6.895699999999977,-6.325199999999995,-5.777300000000025,-5.240799999999979,-4.704099999999983,-4.1562000000000126,-3.585800000000006,-2.9814999999999827,-2.3319999999999936,-1.626199999999983,-0.8525999999999954,-0.0,0.939091,1.957178,3.042968,4.185184,5.372541,6.59375,7.837528,9.092595,10.34765,11.59143,12.81265,14.0
c097,7.999999,7.909433,7.650464,7.242187,6.703704,6.054109,5.3125,4.497974,3.62963,2.726563,1.807869,0.892651,0.0,-0.908299999999997,-1.877299999999991,-2.898399999999981,-3.9630000000000223,-5.0622000000000185,-6.1875,-7.330100000000016,-8.481499999999983,-9.632799999999975,-10.775500000000022,-11.900800000000004,-13.0
c098,7.5,6.895689,6.325232,5.777344,5.240741,4.704138,4.15625,3.585792,2.981482,2.332031,1.626157,0.852575,0.0,-0.9390999999999963,-1.9572000000000003,-3.0430000000000064,-4.185200000000009,-5.372500000000002,-6.5937000000000126,-7.837499999999977,-9.092600000000004,-10.347699999999975,-11.591400000000021,-12.812700000000007,-14.0
c099,-8.0,-7.909400000000005,-7.650500000000022,-7.242200000000025,-6.703700000000026,-6.054100000000005,-5.3125,-4.4979999999999905,-3.629599999999982,-2.726600000000019,-1.8079000000000178,-0.8926000000000158,-0.0,0.908274,1.877316,2.898437,3.962962,5.062212,6.1875,7.33015,8.481483,9.632812,10.77546,11.90075,13.0
c100,-0.105707,-0.105707,-0.105707,-0.105707,-0.105707,-0.105707,-0.105707,-0.105707,-0.105707,-0.105707,-0.105707,-0.105707,-0.121342,-0.139206,-0.159008,-0.180458,-0.203265,-0.227138,-0.251787,-0.27692,-0.302248,-0.327478,-0.35232,-0.376484,-0.399679
c101,0.212537,0.212537,0.212537,0.212537,0.212537,0.212537,0.212537,0.212537,0.212537,0.212537,0.212537,0.212537,0.220114,0.228894,0.238721,0.249436,0.260884,0.272907,0.285349,0.298052,0.31086,0.323616,0.336163,0.348343,0.36
c102,-0.131848,-0.131848,-0.131848,-0.131848,-0.131848,-0.131848,-0.131848,-0.131848,-0.131848,-0.131848,-0.131848,-0.131848,-0.139857,-0.148819,-0.15861,-0.169106,-0.180183,-0.191715,-0.203579,-0.21565,-0.227804,-0.239917,-0.251863,-0.26352,-0.274762
c103,0.0,0.0,0.0,0.0,0.0,0.0,0.0,0.0,0.0,0.0,-0.0,0.0,0.227583,0.87392,1.884387,3.204369,4.779245,6.554397,8.475192,10.48703,12.53528,14.56532,16.52253,18.3523,20.0
c104,0.0,0.0,0.0,0.0,0.0,0.0,0.0,0.0,0.0,0.0,0.0,-0.0,-0.22759999999999536,-0.8738999999999919,-1.8844000000000278,-3.204400000000021,-4.779200000000003,-6.554399999999987,-8.475199999999973,-10.487000000000023,-12.535300000000007,-14.56529999999998,-16.52249999999998,-18.352300000000014,-20.0
c105,1.0,1.0,1.0,1.0,1.0,1.0,1.0,1.0,1.0,1.0,1.0,1.0,0.991579,0.968138,0.932408,0.887119,0.835002,0.778789,0.721211,0.664998,0.612881,0.567592,0.531862,0.508421,0.5
c106,0.105679,0.105679,0.105679,0.105679,0.105679,0.105679,0.105679,0.105679,0.105679,0.105679,0.105679,0.105679,0.121313,0.139177,0.15898,0.180432,0.203241,0.227117,0.251769,0.276906,0.302236,0.32747,0.352315,0.376482,0.399679
c107,0.212537,0.212537,0.212537,0.212537,0.212537,0.212537,0.212537,0.212537,0.212537,0.212537,0.212537,0.212537,0.214215,0.218981,0.226431,0.236163,0.247775,0.260864,0.275026,0.289859,0.304962,0.319929,0.33436,0.347851,0.36
c108,-0.131848,-0.131848,-0.131848,-0.131848,-0.131848,-0.131848,-0.131848,-0.131848,-0.131848,-0.131848,-0.131848,-0.131848,-0.133363,-0.137666,-0.144393,-0.153181,-0.163666,-0.175484,-0.188272,-0.201666,-0.215303,-0.228818,-0.241848,-0.25403,-0.265
c109,0.0,0.0,0.0,0.0,0.0,0.0,0.0,0.0,0.0,0.0,-0.0,0.0,0.227583,0.87392,1.884387,3.204368,4.779246,6.554396,8.475192,10.48703,12.53528,14.56532,16.52253,18.3523,20.0
c110,-0.170215,-0.170215,-0.170215,-0.170215,-0.170215,-0.170215,-0.170215,-0.170215,-0.170215,-0.170215,-0.170215,-0.170215,-0.184291,-0.198368,-0.212445,-0.226522,-0.240599,-0.254676,-0.268753,-0.28283,-0.296907,-0.310984,-0.325061,-0.339138,-0.353215
c111,-0.014658,-0.014658,-0.014658,-0.014658,-0.014658,-0.014658,-0.014658,-0.014658,-0.014658,-0.014658,-0.014658,-0.014658,-0.014658,-0.014658,-0.014658,-0.014658,-0.014658,-0.014658,-0.014658,-0.014658,-0.014658,-0.014658,-0.014658,-0.014658,-0.014658
c112,1.0,1.0,1.0,1.0,1.0,1.0,1.0,1.0,1.0,1.0,1.0,1.0,1.038462,1.076923,1.115385,1.153846,1.192308,1.230769,1.269231,1.307692,1.346154,1.384615,1.423077,1.461538,1.5
c113,0.0,0.0,0.0,0.0,0.0,0.0,0.0,0.0,0.0,0.0,0.0,0.0,0.004615,0.009231,0.013846,0.018462,0.023077,0.027692,0.032308,0.036923,0.041538,0.046154,0.050769,0.055385,0.06
c114,0.900271,0.904437,0.908604,0.912771,0.916937,0.921104,0.925271,0.929437,0.933604,0.937771,0.941937,0.946104,0.950271,0.954437,0.958604,0.962771,0.966937,0.971104,0.975271,0.979437,0.983604,0.987771,0.991937,0.996104,1.000271
c115,1.1,1.095833,1.091667,1.0875,1.083333,1.079167,1.075,1.070833,1.066667,1.0625,1.058333,1.054167,1.05,1.045833,1.041667,1.0375,1.033333,1.029167,1.025,1.020833,1.016667,1.0125,1.008333,1.004167,1.0
c116,1.16,1.153333,1.146667,1.14,1.133333,1.126667,1.12,1.113333,1.106667,1.1,1.093333,1.086667,1.08,1.073333,1.066667,1.06,1.053333,1.046667,1.04,1.033333,1.026667,1.02,1.013333,1.006667,1.0
c117,0.8,0.808333,0.816667,0.825,0.833333,0.841667,0.85,0.858333,0.866667,0.875,0.883333,0.891667,0.9,0.908333,0.916667,0.925,0.933333,0.941667,0.95,0.958333,0.966667,0.975,0.983333,0.991667,1.0
c118,1.05,1.047917,1.045833,1.04375,1.041667,1.039583,1.0375,1.035417,1.033333,1.03125,1.029167,1.027083,1.025,1.022917,1.020833,1.01875,1.016667,1.014583,1.0125,1.010417,1.008333,1.00625,1.004167,1.002083,1.0
c119,1.04,1.038333,1.036667,1.035,1.033333,1.031667,1.03,1.028333,1.026667,1.025,1.023333,1.021667,1.02,1.018333,1.016667,1.015,1.013333,1.011667,1.01,1.008333,1.006667,1.005,1.003333,1.001667,1.0
c120,-0.12,-0.1114,-0.103368,-0.095886,-0.088932,-0.082489,-0.076535,-0.071051,-0.066019,-0.061417,-0.057226,-0.053427,-0.05,-0.046658,-0.043179,-0.039644,-0.036131,-0.032719,-0.029487,-0.026515,-0.023882,-0.021666,-0.019948,-0.018806,-0.01832
c121,-1.92487,-1.742887,-1.561966,-1.384328,-1.212194,-1.047789,-0.893334,-0.75105,-0.623162,-0.51189,-0.419458,-0.348087,-0.3,-0.265735,-0.234323,-0.205724,-0.179897,-0.156804,-0.136402,-0.118654,-0.103519,-0.090956,-0.080927,-0.07339,-0.068307
c122,2.3,2.1204,1.942811,1.768971,1.600619,1.439494,1.287334,1.145877,1.016863,0.902029,0.803115,0.721859,0.66,0.616422,0.584598,0.558605,0.536425,0.517542,0.501391,0.486318,0.471532,0.45777,0.44577,0.436268,0.43
c123,1.0,1.0,1.0,1.0,1.0,1.0,1.0,1.0,1.0,1.0,1.0,1.0,1.0,1.0,1.0,1.0,1.0,1.0,1.0,1.0,1.0,1.0,1.0,1.0,1.0
c124,-0.08,-0.072824,-0.064815,-0.05625,-0.047407,-0.038565,-0.03,-0.021991,-0.014815,-0.00875,-0.004074,-0.001065,-0.0,-0.0,-0.0,-0.0,-0.0,-0.0,-0.0,-0.0,-0.0,-0.0,-0.0,-0.0,0.0
c125,0.050032,0.045863,0.041694,0.037524,0.033355,0.029186,0.025016,0.020847,0.016677,0.012508,0.008339,0.004169,0.0,0.0,0.0,0.0,0.0,0.0,0.0,0.0,0.0,0.0,0.0,0.0,0.0
c126,0.14,0.128047,0.115625,0.102891,0.09,0.077109,0.064375,0.051953,0.04,0.028672,0.018125,0.008516,-0.0,-0.007318,-0.013542,-0.018828,-0.023333,-0.027214,-0.030625,-0.033724,-0.036667,-0.039609,-0.042708,-0.04612,-0.05
c127,-3.9390999999999963,-3.620400000000018,-3.3000000000000114,-2.9773999999999887,-2.6524,-2.3251000000000204,-1.9956999999999994,-1.664699999999982,-1.3326000000000136,-0.9997999999999934,-0.6666000000000167,-0.33330000000000837,0.0,0.0,0.0,0.0,0.0,0.0,0.0,0.0,0.0,0.0,0.0,0.0,0.0
c128,-10.023900000000026,-9.121399999999994,-8.115400000000022,-7.04079999999999,-5.932299999999998,-4.824599999999975,-3.752299999999991,-2.75,-1.8523999999999887,-1.0939000000000192,-0.5092999999999961,-0.1331000000000131,0.0,0.0,0.0,0.0,0.0,0.0,0.0,0.0,0.0,0.0,0.0,0.0,0.0
c129,0.08,0.072824,0.064815,0.05625,0.047407,0.038565,0.03,0.021991,0.014815,0.00875,0.004074,0.001065,0.0,0.0,0.0,0.0,0.0,0.0,0.0,0.0,0.0,0.0,0.0,0.0,0.0
c130,10.02392,9.121367,8.1154,7.040802,5.932304,4.824584,3.752279,2.750003,1.852352,1.093917,0.509293,0.133104,0.0,0.0,0.0,0.0,0.0,0.0,0.0,0.0,0.0,0.0,0.0,0.0,0.0
c131,-0.04,-0.036412,-0.032407,-0.028125,-0.023704,-0.019282,-0.015,-0.010995,-0.007407,-0.004375,-0.002037,-0.000532,0.0,-0.000666,-0.002546,-0.005469,-0.009259,-0.013744,-0.01875,-0.024103,-0.02963,-0.035156,-0.040509,-0.045515,-0.05
c132,0.0,0.0,0.0,0.0,0.0,0.0,0.0,0.0,0.0,0.0,0.0,0.0,0.0,-0.015,-0.03,-0.045,-0.06,-0.075,-0.09,-0.105,-0.12,-0.135,-0.15,-0.165,-0.18
c133,0.020484,0.018871,0.017412,0.016055,0.014749,0.013444,0.012087,0.010627,0.009014,0.007196,0.005122,0.00274,-0.0,-0.003133,-0.006625,-0.010425,-0.01448,-0.018741,-0.023155,-0.027672,-0.03224,-0.036808,-0.041325,-0.045739,-0.05
c134,-9.901700000000005,-9.11099999999999,-8.348700000000008,-7.603599999999972,-6.865200000000016,-6.123199999999997,-5.367599999999982,-4.588599999999985,-3.7764999999999986,-2.9214999999999804,-2.0138000000000034,-1.0434000000000196,1e-06,1.123265,2.319448,3.578127,4.888892,6.241323,7.625002,9.029518,10.44445,11.85938,13.26389,14.64758,16.0
c135,-1.4057999999999993,-1.1743000000000166,-0.9553000000000225,-0.7533000000000243,-0.5720999999999776,-0.41430000000002565,-0.282100000000014,-0.17660000000000764,-0.09780000000000655,-0.04460000000000264,-0.014299999999991542,-0.001939,-0.0,-0.07990000000000919,-0.305499999999995,-0.6562000000000126,-1.1111000000000217,-1.6492999999999824,-2.25,-2.892400000000009,-3.555499999999995,-4.2187000000000126,-4.861100000000022,-5.4617999999999824,-6.0
c136,8.121778,7.375975,6.551206,5.675061,4.775055,3.878643,3.013225,2.206148,1.484705,0.876139,0.407659,0.106499,0.0,0.0,0.0,0.0,0.0,0.0,0.0,0.0,0.0,0.0,0.0,0.0,-0.0
c137,0.599548,0.63292,0.666295,0.699672,0.733049,0.766426,0.799802,0.833177,0.866549,0.899919,0.933284,0.966645,1.0,1.033349,1.066693,1.100032,1.133367,1.166699,1.200028,1.233356,1.266683,1.300011,1.333338,1.366668,1.4
c138,0.04,0.036412,0.032407,0.028125,0.023704,0.019282,0.015,0.010995,0.007407,0.004375,0.002037,0.000532,-0.0,0.000666,0.002546,0.005469,0.009259,0.013744,0.01875,0.024103,0.02963,0.035156,0.040509,0.045515,0.05
c139,1.405755,1.174303,0.955294,0.75334,0.572087,0.414348,0.282132,0.176581,0.097812,0.044659,0.014326,0.001939,0.0,0.079861,0.305556,0.656251,1.111112,1.649307,2.250001,2.892361,3.555557,4.218752,4.861112,5.461807,6.0
c140,-8.121800000000007,-7.375999999999976,-6.551199999999994,-5.675000000000011,-4.775100000000009,-3.878600000000006,-3.0131999999999834,-2.206099999999992,-1.4846999999999753,-0.8761000000000081,-0.4076999999999771,-0.10649999999998272,0.0,-0.0,-0.0,-0.0,0.0,0.0,0.0,0.0,0.0,0.0,0.0,-0.0,0.0
c141,0.0,0.0,0.0,0.0,0.0,0.0,0.0,0.0,0.0,0.0,0.0,0.0,-0.0,0.004167,0.008333,0.0125,0.016667,0.020833,0.025,0.029167,0.033333,0.0375,0.041667,0.045833,0.05
c142,-0.13,-0.11923,-0.108565,-0.097969,-0.087407,-0.076846,-0.06625,-0.055584,-0.044815,-0.033906,-0.022824,-0.011534,0.0,0.0118,0.023843,0.036094,0.048519,0.061082,0.07375,0.086487,0.099259,0.112031,0.124769,0.137436,0.15
c143,8.0,7.333333,6.666667,6.0,5.333333,4.666667,4.0,3.333333,2.666667,2.0,1.333333,0.666666,-1e-06,-2.0,-4.0,-6.0,-8.0,-10.0,-12.0,-14.0,-16.0,-18.0,-20.0,-22.0,-24.0
c144,0.8,0.813038,0.82621,0.839674,0.853587,0.868107,0.883392,0.899599,0.916887,0.935414,0.955336,0.976812,1.0,1.032227,1.0793,1.1391,1.209504,1.288393,1.373644,1.463138,1.554752,1.646367,1.73586,1.821112,1.9
c145,-0.081542,-0.074746,-0.067951,-0.061156,-0.054361,-0.047566,-0.040771,-0.033976,-0.027181,-0.020385,-0.01359,-0.006795,0.0,-0.000833,-0.001667,-0.0025,-0.003333,-0.004167,-0.005,-0.005833,-0.006667,-0.0075,-0.008333,-0.009167,-0.01
c146,1.3,1.27395,1.246181,1.217266,1.187779,1.158291,1.129377,1.101608,1.075558,1.051799,1.030904,1.013447,1.0,0.987884,0.974188,0.959139,0.942961,0.92588,0.908123,0.889915,0.87148,0.853046,0.834838,0.81708,0.8
c147,1.3,1.274682,1.248843,1.222656,1.196296,1.169936,1.14375,1.117911,1.092593,1.067969,1.044213,1.021499,1.0,0.979832,0.96088,0.942969,0.925926,0.909578,0.89375,0.87827,0.862963,0.847656,0.832176,0.816348,0.8
c148,-0.082,-0.074645,-0.066435,-0.057656,-0.048593,-0.039529,-0.03075,-0.022541,-0.015185,-0.008969,-0.004176,-0.001091,0.0,-0.000133,-0.000509,-0.001094,-0.001852,-0.002749,-0.00375,-0.004821,-0.005926,-0.007031,-0.008102,-0.009103,-0.01
c149,-0.009842,-0.009744,-0.009463,-0.009014,-0.008412,-0.007674,-0.006815,-0.00585,-0.004796,-0.003668,-0.002482,-0.001254,0.0,0.001333,0.002795,0.004368,0.006033,0.007772,0.009566,0.011396,0.013246,0.015095,0.016926,0.01872,0.020458
c150,1.2,1.183652,1.167824,1.152344,1.137037,1.12173,1.10625,1.090422,1.074074,1.057031,1.03912,1.020168,1.0,0.978501,0.955787,0.932031,0.907407,0.882089,0.85625,0.830064,0.803704,0.777344,0.751158,0.725318,0.7
c151,-0.010001,-0.0099,-0.009608,-0.009142,-0.00852,-0.007758,-0.006876,-0.005889,-0.004815,-0.003672,-0.002477,-0.001247,0.0,0.001317,0.002755,0.004297,0.005926,0.007625,0.009375,0.01116,0.012963,0.014766,0.016551,0.018302,0.02
c152,1.65,1.576899,1.509285,1.446543,1.388062,1.333227,1.281426,1.232046,1.184474,1.138096,1.0923,1.046472,1.0,0.954545,0.912107,0.872575,0.835842,0.801798,0.770335,0.741344,0.714716,0.690343,0.668115,0.647924,0.629661
c153,2.0,1.914567,1.825698,1.734539,1.642235,1.54993,1.458771,1.369902,1.284469,1.203618,1.128492,1.060238,1.0,0.946376,0.897224,0.85258,0.81248,0.776961,0.746059,0.719812,0.698255,0.681425,0.669358,0.662092,0.659661
c154,1.65,1.576899,1.509285,1.446543,1.388062,1.333227,1.281426,1.232046,1.184474,1.138096,1.0923,1.046472,1.0,0.954355,0.911391,0.871065,0.833337,0.798164,0.765504,0.735317,0.70756,0.682191,0.659169,0.638453,0.62
c155,2.0,1.914598,1.82581,1.734766,1.642593,1.55042,1.459375,1.370587,1.285185,1.204297,1.129051,1.060576,1.0,0.945848,0.895949,0.850391,0.809259,0.772642,0.740625,0.713296,0.690741,0.673047,0.660301,0.65259,0.65
c156,-0.15,-0.1375,-0.125,-0.1125,-0.1,-0.0875,-0.075,-0.0625,-0.05,-0.0375,-0.025,-0.0125,0.0,0.0125,0.025,0.0375,0.05,0.0625,0.075,0.0875,0.1,0.1125,0.125,0.1375,0.15
c157,-10.0,-10.0,-10.0,-10.0,-10.0,-10.0,-10.0,-10.0,-10.0,-10.0,-10.0,-10.0,-10.0,-10.0,-10.0,-10.0,-10.0,-10.0,-10.0,-10.0,-10.0,-10.0,-10.0,-10.0,-10.0
c158,-19.0,-19.0,-19.0,-19.0,-19.0,-19.0,-19.0,-19.0,-19.0,-19.0,-19.0,-19.0,-19.0,-19.0,-19.0,-19.0,-19.0,-19.0,-19.0,-19.0,-19.0,-19.0,-19.0,-19.0,-19.0
c159,19.0,19.0,19.0,19.0,19.0,19.0,19.0,19.0,19.0,19.0,19.0,19.0,19.0,19.0,19.0,19.0,19.0,19.0,19.0,19.0,19.0,19.0,19.0,19.0,19.0
c160,0.05,0.045833,0.041667,0.0375,0.033333,0.029167,0.025,0.020833,0.016667,0.0125,0.008333,0.004167,-0.0,-0.004167,-0.008333,-0.0125,-0.016667,-0.020833,-0.025,-0.029167,-0.033333,-0.0375,-0.041667,-0.045833,-0.05
c161,0.05,0.045515,0.040509,0.035156,0.02963,0.024103,0.01875,0.013744,0.009259,0.005469,0.002546,0.000666,-0.0,0.000666,0.002546,0.005469,0.009259,0.013744,0.01875,0.024103,0.02963,0.035156,0.040509,0.045515,0.05
c162,15.0,13.75,12.5,11.25,9.999999,8.750002,7.5,6.249999,4.999999,3.75,2.499998,1.249999,-1e-06,-1.25,-2.5,-3.75,-5.0,-6.25,-7.5,-8.75,-10.0,-11.25,-12.5,-13.75,-15.0
c163,-15.0,-13.75,-12.5,-11.25,-10.0,-8.75,-7.5,-6.25,-5.0,-3.75,-2.5,-1.25,1e-06,1.250001,2.500003,3.750002,5.000002,6.250003,7.500001,8.750003,10.0,11.25,12.5,13.75001,15.0
c164,0.2,0.183333,0.166667,0.15,0.133333,0.116667,0.1,0.083333,0.066667,0.05,0.033333,0.016667,-0.0,-0.016667,-0.033333,-0.05,-0.066667,-0.083333,-0.1,-0.116667,-0.133333,-0.15,-0.166667,-0.183333,-0.2
c165,-0.2,-0.183333,-0.166667,-0.15,-0.133333,-0.116667,-0.1,-0.083333,-0.066667,-0.05,-0.033333,-0.016667,0.0,0.016667,0.033333,0.05,0.066667,0.083333,0.1,0.116667,0.133333,0.15,0.166667,0.183333,0.2
c166,0.03,0.029729,0.028918,0.027548,0.025591,0.023037,0.019926,0.016364,0.012531,0.008683,0.005142,0.00227,0.000452,5e-05,0.001193,0.003585,0.006852,0.010615,0.014528,0.018296,0.021696,0.024582,0.026883,0.028587,0.029717
c167,5.0,4.955197,4.825574,4.61831,4.340587,3.999583,3.60248,3.156456,2.668693,2.14637,1.596666,1.026762,0.443839,-0.1449000000000069,-0.7323999999999842,-1.3111999999999853,-1.8745000000000118,-2.414800000000014,-2.9250000000000114,-3.3980999999999995,-3.8267000000000166,-4.203700000000026,-4.5219000000000165,-4.7742000000000075,-4.953300000000013
c168,15.0,14.86559,14.47672,13.85493,13.02176,11.99875,10.80744,9.469369,8.006079,6.43911,4.789999,3.080287,1.331517,-0.43479999999999563,-2.1970999999999776,-3.9336999999999875,-5.623400000000004,-7.24430000000001,-8.775100000000009,-10.194200000000023,-11.480000000000018,-12.61099999999999,-13.565699999999993,-14.322499999999991,-14.859800000000007
c169,-0.05,-0.045833,-0.041667,-0.0375,-0.033333,-0.029167,-0.025,-0.020833,-0.016667,-0.0125,-0.008333,-0.004167,0.0,0.0125,0.025,0.0375,0.05,0.0625,0.075,0.0875,0.1,0.1125,0.125,0.1375,0.15
c170,-0.05,-0.045833,-0.041667,-0.0375,-0.033333,-0.029167,-0.025,-0.020833,-0.016667,-0.0125,-0.008333,-0.004167,0.0,0.015,0.03,0.045,0.06,0.075,0.09,0.105,0.12,0.135,0.15,0.165,0.18
c171,0.035,0.036042,0.037083,0.038125,0.039167,0.040208,0.04125,0.042292,0.043333,0.044375,0.045417,0.046458,0.0475,0.048542,0.049583,0.050625,0.051667,0.052708,0.05375,0.054792,0.055833,0.056875,0.057917,0.058958,0.06
c172,1.0,1.004167,1.008333,1.0125,1.016667,1.020833,1.025,1.029167,1.033333,1.0375,1.041667,1.045833,1.05,1.054167,1.058333,1.0625,1.066667,1.070833,1.075,1.079167,1.083333,1.0875,1.091667,1.095833,1.1
c173,0.0,0.0,0.0,0.0,0.0,0.0,0.0,0.0,0.0,0.0,0.0,0.0,-0.0,0.000417,0.000833,0.00125,0.001667,0.002083,0.0025,0.002917,0.003333,0.00375,0.004167,0.004583,0.005
c174,0.8,0.816667,0.833333,0.85,0.866667,0.883333,0.9,0.916667,0.933333,0.95,0.966667,0.983333,1.0,1.033333,1.066667,1.1,1.133333,1.166667,1.2,1.233333,1.266667,1.3,1.333333,1.366667,1.4
c175,0.0,0.0,0.0,0.0,0.0,0.0,0.0,0.0,0.0,0.0,0.0,0.0,-0.0,9.8e-05,0.00037,0.000781,0.001296,0.001881,0.0025,0.003119,0.003704,0.004219,0.00463,0.004902,0.005
c176,0.0,0.0,0.0,0.0,0.0,0.0,0.0,0.0,0.0,0.0,0.0,0.0,0.0,-0.000266,-0.001019,-0.002188,-0.003704,-0.005498,-0.0075,-0.009641,-0.011852,-0.014063,-0.016204,-0.018206,-0.02
c177,1.25,1.229167,1.208333,1.1875,1.166667,1.145833,1.125,1.104167,1.083333,1.0625,1.041667,1.020833,1.0,0.975,0.95,0.925,0.9,0.875,0.85,0.825,0.8,0.775,0.75,0.725,0.7
c178,1.0,1.0,1.0,1.0,1.0,1.0,1.0,1.0,1.0,1.0,1.0,1.0,1.0,0.975,0.95,0.925,0.9,0.875,0.85,0.825,0.8,0.775,0.75,0.725,0.7
c179,1.0,1.0,1.0,1.0,1.0,1.0,1.0,1.0,1.0,1.0,1.0,1.0,1.0,1.025,1.05,1.075,1.1,1.125,1.15,1.175,1.2,1.225,1.25,1.275,1.3
c180,1.25,1.229326,1.208912,1.188672,1.168519,1.148365,1.128125,1.107711,1.087037,1.066016,1.04456,1.022584,1.0,0.976751,0.952893,0.928516,0.903704,0.878544,0.853125,0.827532,0.801852,0.776172,0.750579,0.725159,0.7
c181,0.9,0.901013,0.903935,0.908594,0.914815,0.922425,0.93125,0.941117,0.951852,0.963281,0.975232,0.987529,1.0,1.012471,1.024768,1.036719,1.048148,1.058883,1.06875,1.077575,1.085185,1.091406,1.096065,1.098987,1.1
c182,0.75,0.770833,0.791667,0.8125,0.833333,0.854167,0.875,0.895833,0.916667,0.9375,0.958333,0.979167,1.0,1.020833,1.041667,1.0625,1.083333,1.104167,1.125,1.145833,1.166667,1.1875,1.208333,1.229167,1.25
c183,-3.0,-2.75,-2.5,-2.25,-2.0,-1.75,-1.5,-1.25,-1.0,-0.75,-0.5,-0.25,-2e-06,0.249998,0.499999,0.749998,0.999999,1.249999,1.499998,1.749998,1.999999,2.249998,2.499998,2.749999,2.999998
c184,2.999856,2.749855,2.499856,2.249856,1.999856,1.749856,1.499856,1.249856,0.999856,0.749856,0.499856,0.249856,-0.000144,-0.25020000000000664,-0.5002000000000066,-0.7502000000000066,-1.0002000000000066,-1.2502000000000066,-1.5002000000000066,-1.7502000000000066,-2.0002000000000066,-2.2502000000000066,-2.5002000000000066,-2.7502000000000066,-3.0002000000000066
c185,-0.0,-0.0,-0.0,-0.0,-0.0,-0.0,-0.0,-0.0,-0.0,-0.0,-0.0,-0.0,0.0,-0.000984,-0.003704,-0.007813,-0.012963,-0.018808,-0.025,-0.031192,-0.037037,-0.042188,-0.046296,-0.049016,-0.05
c186,0.0,0.0,0.0,0.0,0.0,0.0,0.0,0.0,0.0,0.0,0.0,0.0,0.0,0.019676,0.074074,0.15625,0.259259,0.376158,0.5,0.623843,0.740741,0.84375,0.925926,0.980324,1.0
c187,0.0,0.0,0.0,0.0,0.0,0.0,0.0,0.0,0.0,0.0,0.0,0.0,-0.0,0.000984,0.003704,0.007813,0.012963,0.018808,0.025,0.031192,0.037037,0.042188,0.046296,0.049016,0.05
c188,0.0,0.0,0.0,0.0,0.0,0.0,0.0,0.0,0.0,0.0,0.0,0.0,-0.0,-0.019700000000000273,-0.07409999999998718,-0.15620000000001255,-0.2592000000000212,-0.376199999999983,-0.5,-0.623800000000017,-0.7407999999999788,-0.8437000000000126,-0.9259000000000128,-0.9802999999999997,-1.0
c189,-0.7,-0.700347,-0.701389,-0.703125,-0.705556,-0.708681,-0.7125,-0.717014,-0.722222,-0.728125,-0.734722,-0.742014,-0.75,-0.758999,-0.769213,-0.780469,-0.792593,-0.805411,-0.81875,-0.832436,-0.846296,-0.860156,-0.873843,-0.887182,-0.9
c190,0.7,0.700347,0.701389,0.703125,0.705556,0.708681,0.7125,0.717014,0.722222,0.728125,0.734722,0.742014,0.75,0.758999,0.769213,0.780469,0.792593,0.805411,0.81875,0.832436,0.846296,0.860156,0.873843,0.887182,0.9
c191,-0.1,-0.091508,-0.082755,-0.073828,-0.064815,-0.055801,-0.046875,-0.038122,-0.02963,-0.021484,-0.013773,-0.006583,0.0,0.005917,0.011227,0.016016,0.02037,0.024378,0.028125,0.031698,0.035185,0.038672,0.042245,0.045992,0.05
c192,-2.0,-1.8333000000000084,-1.6666999999999916,-1.5,-1.3333000000000084,-1.1666999999999916,-1.0,-0.8333000000000084,-0.6666999999999916,-0.5,-0.33330000000000837,-0.16669999999999163,0.0,0.166667,0.333334,0.5,0.666667,0.833334,1.0,1.166667,1.333334,1.5,1.666667,1.833334,2.0
c193,0.75,0.770674,0.791088,0.811328,0.831481,0.851635,0.871875,0.892289,0.912963,0.933984,0.95544,0.977416,1.0,1.023249,1.047107,1.071484,1.096296,1.121455,1.146875,1.172468,1.198148,1.223828,1.249421,1.274841,1.3
c194,-0.412,-0.412,-0.412,-0.412,-0.412,-0.412,-0.412,-0.412,-0.412,-0.412,-0.412,-0.412,-0.412,-0.416167,-0.420333,-0.4245,-0.428667,-0.432833,-0.437,-0.441167,-0.445333,-0.4495,-0.453667,-0.457833,-0.462
c195,0.412,0.412,0.412,0.412,0.412,0.412,0.412,0.412,0.412,0.412,0.412,0.412,0.412,0.416167,0.420333,0.4245,0.428667,0.432833,0.437,0.441167,0.445333,0.4495,0.453667,0.457833,0.462
c196,0.1,0.091667,0.083333,0.075,0.066667,0.058333,0.05,0.041667,0.033333,0.025,0.016667,0.008333,-0.0,-0.008333,-0.016667,-0.025,-0.033333,-0.041667,-0.05,-0.058333,-0.066667,-0.075,-0.083333,-0.091667,-0.1
c197,-0.15,-0.137818,-0.126157,-0.114844,-0.103704,-0.092564,-0.08125,-0.069589,-0.057407,-0.044531,-0.030787,-0.016001,0.0,0.017332,0.03588,0.055469,0.075926,0.097078,0.11875,0.14077,0.162963,0.185156,0.207176,0.228849,0.25
c198,2.0,1.839699,1.689815,1.546875,1.407407,1.26794,1.125,0.975116,0.814815,0.640625,0.449074,0.23669,-0.0,-0.2633000000000152,-0.5509000000000128,-0.8593999999999937,-1.185200000000009,-1.5249000000000024,-1.875,-2.2321000000000026,-2.5926000000000045,-2.9531000000000063,-3.310200000000009,-3.6603000000000065,-4.0
c199,0.7,0.724682,0.748843,0.772656,0.796296,0.819936,0.84375,0.867911,0.892593,0.917969,0.944213,0.971499,1.0,1.029832,1.06088,1.092969,1.125926,1.159578,1.19375,1.22827,1.262963,1.297656,1.332176,1.366349,1.4
c200,0.8,0.800593,0.802662,0.806641,0.812963,0.822063,0.834375,0.850333,0.87037,0.894922,0.924421,0.959303,1.0,1.048076,1.104051,1.166797,1.235185,1.308087,1.384375,1.462919,1.542593,1.622266,1.70081,1.777098,1.85
c201,0.05,0.052325,0.054974,0.057949,0.061255,0.064895,0.068872,0.073189,0.07785,0.082858,0.088217,0.09393,0.1,0.106583,0.113773,0.121484,0.12963,0.138122,0.146875,0.155802,0.164815,0.173828,0.182755,0.191508,0.2
c202,1.2,1.224952,1.251383,1.278942,1.307281,1.336048,1.364893,1.393467,1.421418,1.448397,1.474054,1.498039,1.52,1.540028,1.558561,1.575774,1.591841,1.606935,1.621231,1.634904,1.648126,1.661073,1.673918,1.686836,1.7
c203,0.85,0.85,0.85,0.85,0.85,0.85,0.85,0.85,0.85,0.85,0.85,0.85,0.85,0.85,0.85,0.85,0.85,0.85,0.85,0.85,0.85,0.85,0.85,0.85,0.85
c204,-20.0,-20.0,-20.0,-20.0,-20.0,-20.0,-20.0,-20.0,-20.0,-20.0,-20.0,-20.0,-20.0,-20.0,-20.0,-20.0,-20.0,-20.0,-20.0,-20.0,-20.0,-20.0,-20.0,-20.0,-20.0
c205,0.8,0.804007,0.807755,0.811328,0.814815,0.818302,0.821875,0.825622,0.82963,0.833984,0.838773,0.844083,0.85,0.856583,0.863773,0.871484,0.87963,0.888122,0.896875,0.905802,0.914815,0.923828,0.932755,0.941508,0.95
c206,0.65,0.654167,0.658333,0.6625,0.666667,0.670833,0.675,0.679167,0.683333,0.6875,0.691667,0.695833,0.7,0.704167,0.708333,0.7125,0.716667,0.720833,0.725,0.729167,0.733333,0.7375,0.741667,0.745833,0.75
c207,-21.0,-20.91669999999999,-20.83330000000001,-20.75,-20.66669999999999,-20.58330000000001,-20.5,-20.41669999999999,-20.33330000000001,-20.25,-20.16669999999999,-20.08330000000001,-20.0,-20.0,-20.0,-20.0,-20.0,-20.0,-20.0,-20.0,-20.0,-20.0,-20.0,-20.0,-20.0
c208,45.0,45.0,45.0,45.0,45.0,45.0,45.0,45.0,45.0,45.0,45.0,45.0,45.0,45.0,45.0,45.0,45.0,45.0,45.0,45.0,45.0,45.0,45.0,45.0,45.0
c209,1.2,1.216253,1.231829,1.246953,1.261852,1.276751,1.291875,1.307451,1.323704,1.340859,1.359143,1.378782,1.4,1.422948,1.447477,1.473359,1.50037,1.528284,1.556875,1.585917,1.615185,1.644453,1.673495,1.702086,1.73
c210,-0.1,-0.1,-0.1,-0.1,-0.1,-0.1,-0.1,-0.1,-0.1,-0.1,-0.1,-0.1,-0.1,-0.1,-0.1,-0.1,-0.1,-0.1,-0.1,-0.1,-0.1,-0.1,-0.1,-0.1,-0.1
c211,-22.0,-21.83330000000001,-21.66669999999999,-21.5,-21.33330000000001,-21.16669999999999,-21.0,-20.83330000000001,-20.66669999999999,-20.5,-20.33330000000001,-20.16669999999999,-20.0,-19.83330000000001,-19.66669999999999,-19.5,-19.33330000000001,-19.16669999999999,-19.0,-18.83330000000001,-18.66669999999999,-18.5,-18.33330000000001,-18.16669999999999,-18.0
c212,90.0,90.0,90.0,90.0,90.0,90.0,90.0,90.0,90.0,90.0,90.0,90.0,90.0,90.0,90.0,90.0,90.0,90.0,90.0,90.0,90.0,90.0,90.0,90.0,90.0
c213,0.8,0.79987,0.799653,0.799609,0.8,0.801085,0.803125,0.80638,0.811111,0.817578,0.826042,0.836762,0.85,0.866247,0.885532,0.907422,0.931481,0.957277,0.984375,1.012341,1.040741,1.069141,1.097106,1.124204,1.15
c214,-0.962,-0.962,-0.962,-0.962,-0.962,-0.962,-0.962,-0.962,-0.962,-0.962,-0.962,-0.962,-0.962,-0.962,-0.962,-0.962,-0.962,-0.962,-0.962,-0.962,-0.962,-0.962,-0.962,-0.962,-0.962
c215,18.0,18.16666,18.33333,18.5,18.66667,18.83334,19.0,19.16667,19.33334,19.5,19.66667,19.83334,20.0,20.0,20.0,20.0,20.0,20.0,20.0,20.0,20.0,20.0,20.0,20.0,20.0
c216,-40.0,-40.0,-40.0,-40.0,-40.0,-40.0,-40.0,-40.0,-40.0,-40.0,-40.0,-40.0,-40.0,-40.0,-40.0,-40.0,-40.0,-40.0,-40.0,-40.0,-40.0,-40.0,-40.0,-40.0,-40.0
c217,-1.0,-1.000177,-1.000718,-1.001641,-1.002963,-1.004702,-1.006875,-1.009499,-1.012593,-1.016172,-1.020255,-1.024858,-1.03,-1.035882,-1.042616,-1.050078,-1.058148,-1.066704,-1.075625,-1.084789,-1.094074,-1.103359,-1.112523,-1.121444,-1.13
c218,20.0,20.0,20.0,20.0,20.0,20.0,20.0,20.0,20.0,20.0,20.0,20.0,20.0,20.0,20.0,20.0,20.0,20.0,20.0,20.0,20.0,20.0,20.0,20.0,20.0
c219,-0.8,-0.800029,-0.800231,-0.800781,-0.801852,-0.803617,-0.80625,-0.809925,-0.814815,-0.821094,-0.828935,-0.838513,-0.85,-0.864497,-0.882639,-0.903906,-0.927778,-0.953733,-0.98125,-1.009809,-1.038889,-1.067969,-1.096528,-1.124045,-1.15
c220,40.0,40.0,40.0,40.0,40.0,40.0,40.0,40.0,40.0,40.0,40.0,40.0,40.0,40.0,40.0,40.0,40.0,40.0,40.0,40.0,40.0,40.0,40.0,40.0,40.0
c221,-1.2,-1.216253,-1.231829,-1.246953,-1.261852,-1.276751,-1.291875,-1.307451,-1.323704,-1.340859,-1.359143,-1.378782,-1.4,-1.422948,-1.447477,-1.473359,-1.50037,-1.528284,-1.556875,-1.585917,-1.615185,-1.644453,-1.673495,-1.702086,-1.73
c222,-90.0,-90.0,-90.0,-90.0,-90.0,-90.0,-90.0,-90.0,-90.0,-90.0,-90.0,-90.0,-90.0,-90.0,-90.0,-90.0,-90.0,-90.0,-90.0,-90.0,-90.0,-90.0,-90.0,-90.0,-90.0
c223,-0.85,-0.85,-0.85,-0.85,-0.85,-0.85,-0.85,-0.85,-0.85,-0.85,-0.85,-0.85,-0.85,-0.851331,-0.855093,-0.860938,-0.868518,-0.877488,-0.8875,-0.898206,-0.909259,-0.920312,-0.931018,-0.94103,-0.95
c224,-45.0,-45.0,-45.0,-45.0,-45.0,-45.0,-45.0,-45.0,-45.0,-45.0,-45.0,-45.0,-45.0,-45.0,-45.0,-45.0,-45.0,-45.0,-45.0,-45.0,-45.0,-45.0,-45.0,-45.0,-45.0
c225,-0.18,-0.18,-0.18,-0.18,-0.18,-0.18,-0.18,-0.18,-0.18,-0.18,-0.18,-0.18,-0.18,-0.180266,-0.181018,-0.182188,-0.183704,-0.185498,-0.1875,-0.189641,-0.191852,-0.194062,-0.196204,-0.198206,-0.2
c226,0.93,0.939809,0.949306,0.958594,0.967778,0.976962,0.98625,0.995746,1.005556,1.015781,1.026528,1.037899,1.05,1.062899,1.076528,1.090781,1.105556,1.120746,1.13625,1.151962,1.167778,1.183594,1.199306,1.214809,1.23
c227,1.19,1.174676,1.160185,1.14625,1.132593,1.118935,1.105,1.090509,1.075185,1.05875,1.040926,1.021435,1.0,0.976435,0.950926,0.92375,0.895185,0.865509,0.835,0.803935,0.772593,0.74125,0.710185,0.679676,0.65
c228,0.7,0.724523,0.748264,0.771484,0.794444,0.817404,0.840625,0.864366,0.888889,0.914453,0.941319,0.969748,1.0,1.032248,1.066319,1.101953,1.138889,1.176866,1.215625,1.254905,1.294444,1.333984,1.373264,1.412023,1.45
c229,-2.0,-1.8333000000000084,-1.6666999999999916,-1.5,-1.3333000000000084,-1.1666999999999916,-1.0,-0.8333000000000084,-0.6666999999999916,-0.5,-0.33330000000000837,-0.16669999999999163,0.0,0.0,0.0,0.0,0.0,0.0,0.0,0.0,0.0,0.0,0.0,0.0,0.0
c230,-0.1,-0.091667,-0.083333,-0.075,-0.066667,-0.058333,-0.05,-0.041667,-0.033333,-0.025,-0.016667,-0.008333,0.0,0.008333,0.016667,0.025,0.033333,0.041667,0.05,0.058333,0.066667,0.075,0.083333,0.091667,0.1
c231,-1.0,-0.9166999999999916,-0.8333000000000084,-0.75,-0.6666999999999916,-0.5833000000000084,-0.5,-0.41669999999999163,-0.33330000000000837,-0.25,-0.16669999999999163,-0.08330000000000837,0.0,0.0,0.0,0.0,0.0,0.0,0.0,0.0,0.0,0.0,0.0,0.0,0.0
c232,0.05,0.049685,0.048727,0.047109,0.044815,0.041826,0.038125,0.033695,0.028519,0.022578,0.015856,0.008336,-0.0,-0.009482,-0.020301,-0.032266,-0.045185,-0.058869,-0.073125,-0.087763,-0.102593,-0.117422,-0.13206,-0.146317,-0.16
c233,0.02,0.019988,0.019907,0.019688,0.019259,0.018553,0.0175,0.01603,0.014074,0.011562,0.008426,0.004595,-0.0,-0.006065,-0.014074,-0.02375,-0.034815,-0.046991,-0.06,-0.073565,-0.087407,-0.10125,-0.114815,-0.127824,-0.14
c234,-4.0,-3.6666999999999916,-3.3333000000000084,-3.0,-2.6666999999999916,-2.3333000000000084,-2.0,-1.6666999999999916,-1.3333000000000084,-1.0,-0.6666999999999916,-0.33330000000000837,0.0,0.041667,0.083333,0.125,0.166667,0.208333,0.25,0.291667,0.333333,0.375,0.416667,0.458334,0.5
c235,0.0,0.0,0.0,0.0,0.0,0.0,0.0,0.0,0.0,0.0,0.0,0.0,0.0,-0.001968,-0.007407,-0.015625,-0.025926,-0.037616,-0.05,-0.062384,-0.074074,-0.084375,-0.092593,-0.098032,-0.1
c236,0.100383,0.092016,0.083648,0.075278,0.066908,0.058537,0.050167,0.041799,0.033433,0.025069,0.016708,0.008352,-0.0,-0.008347,-0.016689,-0.025027,-0.033362,-0.041694,-0.050024,-0.058353,-0.066681,-0.075009,-0.083338,-0.091668,-0.1
c237,0.03,0.027468,0.024884,0.022266,0.01963,0.016994,0.014376,0.011792,0.00926,0.006798,0.004422,0.00215,-0.0,-0.002017,-0.003913,-0.005705,-0.007411,-0.009047,-0.010631,-0.01218,-0.013712,-0.015244,-0.016793,-0.018377,-0.020013
c238,1.0,1.0,1.0,1.0,1.0,1.0,1.0,1.0,1.0,1.0,1.0,1.0,1.0,1.007917,1.015833,1.02375,1.031667,1.039583,1.0475,1.055417,1.063333,1.07125,1.079167,1.087083,1.095
c239,0.647536,0.677913,0.709419,0.74166,0.774243,0.806774,0.83886,0.870108,0.900124,0.928514,0.954886,0.978846,1.0,1.018287,1.03405,1.047504,1.058863,1.068341,1.076151,1.082509,1.087628,1.091722,1.095006,1.097694,1.1
c240,-0.16,-0.146444,-0.132523,-0.118359,-0.104074,-0.089789,-0.075625,-0.061704,-0.048148,-0.035078,-0.022616,-0.010883,0.0,0.010058,0.019441,0.028211,0.036433,0.044168,0.05148,0.058432,0.065087,0.071509,0.077759,0.083902,0.09
c241,1.25,1.228379,1.205469,1.1817,1.157502,1.133304,1.109535,1.086625,1.065004,1.045101,1.027347,1.01217,1.0,0.990174,0.981681,0.97443,0.968329,0.963288,0.959215,0.95602,0.953609,0.951893,0.950781,0.95018,0.95
c242,-0.428335,-0.41637,-0.404507,-0.392712,-0.380952,-0.369191,-0.357397,-0.345534,-0.333568,-0.321466,-0.309194,-0.296716,-0.284,-0.271022,-0.257805,-0.244383,-0.23079,-0.217061,-0.203229,-0.189329,-0.175395,-0.161461,-0.147561,-0.133729,-0.12
c243,0.0,0.0,0.0,0.0,0.0,0.0,0.0,0.0,0.0,0.0,0.0,0.0,0.0,-0.001667,-0.003333,-0.005,-0.006667,-0.008333,-0.01,-0.011667,-0.013333,-0.015,-0.016667,-0.018333,-0.02
c244,0.0,0.0,0.0,0.0,0.0,0.0,0.0,0.0,0.0,0.0,0.0,0.0,0.0,-0.002917,-0.005833,-0.00875,-0.011667,-0.014583,-0.0175,-0.020417,-0.023333,-0.02625,-0.029167,-0.032083,-0.035
c245,1.0,1.0,1.0,1.0,1.0,1.0,1.0,1.0,1.0,1.0,1.0,1.0,1.0,1.008333,1.016667,1.025,1.033333,1.041667,1.05,1.058333,1.066667,1.075,1.083333,1.091667,1.1
c246,0.78,0.79776,0.814583,0.830781,0.846667,0.862552,0.87875,0.895573,0.913333,0.932344,0.952917,0.975365,1.0,1.027031,1.05625,1.087344,1.12,1.153906,1.18875,1.224219,1.26,1.295781,1.33125,1.366094,1.4
c247,0.1,0.098828,0.095486,0.090234,0.083333,0.075043,0.065625,0.055339,0.044444,0.033203,0.021875,0.01072,-0.0,-0.010749,-0.022107,-0.033984,-0.046296,-0.058955,-0.071875,-0.084968,-0.098148,-0.111328,-0.124421,-0.137341,-0.15
c248,-0.1,-0.098987,-0.096065,-0.091406,-0.085185,-0.077575,-0.06875,-0.058883,-0.048148,-0.036719,-0.024768,-0.012471,0.0,0.013166,0.027546,0.042969,0.059259,0.076244,0.09375,0.111603,0.12963,0.147656,0.165509,0.183015,0.2
c249,0.08,0.073238,0.066319,0.059297,0.052222,0.045148,0.038125,0.031207,0.024444,0.017891,0.011597,0.005616,-0.0,-0.005217,-0.010069,-0.014609,-0.018889,-0.02296,-0.026875,-0.030686,-0.034444,-0.038203,-0.042014,-0.045929,-0.05
c250,-1.0,-0.9150999999999954,-0.8274999999999864,-0.7382999999999811,-0.6481999999999744,-0.5579999999999927,-0.46870000000001255,-0.38119999999997844,-0.2962999999999738,-0.2148000000000252,-0.13769999999999527,-0.06580000000002428,0.0,0.062355,0.123843,0.183594,0.240741,0.294416,0.34375,0.387876,0.425926,0.457031,0.480324,0.494936,0.5
c251,0.88,0.889904,0.899653,0.909297,0.918889,0.928481,0.938125,0.947873,0.957778,0.967891,0.978264,0.98895,1.0,1.01145,1.023264,1.035391,1.047778,1.060373,1.073125,1.085981,1.098889,1.111797,1.124653,1.137405,1.15
c252,1.0,0.915075,0.827546,0.738281,0.648148,0.558015,0.46875,0.381221,0.296296,0.214844,0.137731,0.065828,-0.0,-0.06229999999999336,-0.12380000000001701,-0.18360000000001264,-0.2407999999999788,-0.294399999999996,-0.34370000000001255,-0.3879000000000019,-0.4259000000000128,-0.45699999999999363,-0.4802999999999997,-0.4948999999999728,-0.5
c253,1.0,0.989873,0.960648,0.914063,0.851852,0.775752,0.6875,0.588831,0.481481,0.367188,0.247685,0.124711,-0.0,-0.13170000000002346,-0.2755000000000223,-0.4297000000000253,-0.5926000000000045,-0.7624999999999886,-0.9375,-1.1159999999999854,-1.2962999999999738,-1.476600000000019,-1.6551000000000045,-1.8301000000000158,-2.0
c254,-0.02,-0.018652,-0.017824,-0.017344,-0.017037,-0.01673,-0.01625,-0.015422,-0.014074,-0.012031,-0.00912,-0.005168,0.0,0.006499,0.014213,0.022969,0.032593,0.042911,0.05375,0.064936,0.076296,0.087656,0.098843,0.109682,0.12
c255,4.0,3.663483,3.32176,2.976563,2.629629,2.282697,1.9375,1.595775,1.259259,0.929688,0.608796,0.298322,-0.0,-0.285000000000025,-0.5579000000000178,-0.8202999999999747,-1.0740999999999872,-1.3208999999999946,-1.5625,-1.8005999999999744,-2.0369999999999777,-2.273399999999981,-2.511599999999987,-2.7531999999999925,-3.0
c256,0.0,0.0,0.0,0.0,0.0,0.0,0.0,0.0,0.0,0.0,0.0,0.0,0.0,-0.001597,-0.006111,-0.013125,-0.022222,-0.032986,-0.045,-0.057847,-0.071111,-0.084375,-0.097222,-0.109236,-0.12
c257,1.12,1.110127,1.100463,1.090937,1.081481,1.072025,1.0625,1.052836,1.042963,1.032812,1.022315,1.0114,1.0,0.988067,0.975648,0.962812,0.94963,0.936169,0.9225,0.908692,0.894815,0.880938,0.86713,0.853461,0.84
c258,-0.04899,-0.051815,-0.054165,-0.056198,-0.058073,-0.059947,-0.061981,-0.064331,-0.067156,-0.070615,-0.074867,-0.080069,-0.08638,-0.093906,-0.102541,-0.112126,-0.122504,-0.133516,-0.145003,-0.156807,-0.168769,-0.180732,-0.192535,-0.204023,-0.215034
c259,-2.0,-2.0,-2.0,-2.0,-2.0,-2.0,-2.0,-2.0,-2.0,-2.0,-2.0,-2.0,-2.0,-2.0,-2.0,-2.0,-2.0,-2.0,-2.0,-2.0,-2.0,-2.0,-2.0,-2.0,-2.0
c260,-3.08359999999999,-2.9931000000000267,-2.9021000000000186,-2.810799999999972,-2.7192999999999756,-2.627900000000011,-2.5366000000000213,-2.445600000000013,-2.355000000000018,-2.2649999999999864,-2.175799999999981,-2.0874000000000024,-2.0,-1.9137000000000057,-1.8285000000000196,-1.744100000000003,-1.6605000000000132,-1.5774000000000115,-1.494799999999998,-1.412399999999991,-1.3301999999999907,-1.2479999999999905,-1.1657000000000153,-1.0831000000000017,-1.0
c261,0.85,0.851876,0.854242,0.857167,0.860719,0.864968,0.869982,0.87583,0.882582,0.890306,0.899071,0.908946,0.92,0.932598,0.946898,0.962656,0.97963,0.997575,1.01625,1.035411,1.054815,1.074219,1.09338,1.112054,1.13
c262,0.1,0.095174,0.090172,0.084857,0.079089,0.07273,0.06564,0.057682,0.048716,0.038603,0.027206,0.014384,-0.0,-0.016642,-0.035896,-0.057389,-0.080747,-0.105598,-0.131568,-0.158284,-0.185374,-0.212463,-0.239179,-0.265149,-0.29
c263,0.95,0.954167,0.958333,0.9625,0.966667,0.970833,0.975,0.979167,0.983333,0.9875,0.991667,0.995833,1.0,1.0,1.0,1.0,1.0,1.0,1.0,1.0,1.0,1.0,1.0,1.0,1.0
c264,1.15,1.145833,1.141667,1.1375,1.133333,1.129167,1.125,1.120833,1.116667,1.1125,1.108333,1.104167,1.1,1.095833,1.091667,1.0875,1.083333,1.079167,1.075,1.070833,1.066667,1.0625,1.058333,1.054167,1.05
c265,0.95,0.954517,0.959607,0.965078,0.970741,0.976403,0.981875,0.986965,0.991482,0.995234,0.998032,0.999685,1.0,0.998851,0.996366,0.992734,0.988148,0.982798,0.976875,0.97057,0.964074,0.957578,0.951273,0.94535,0.94
c266,0.8,0.816348,0.832176,0.847656,0.862963,0.87827,0.89375,0.909578,0.925926,0.942969,0.96088,0.979832,1.0,1.021499,1.044213,1.067969,1.092593,1.117911,1.14375,1.169936,1.196296,1.222656,1.248843,1.274682,1.3
c267,0.85,0.862341,0.874421,0.886328,0.898148,0.909968,0.921875,0.933955,0.946296,0.958984,0.972106,0.985749,1.0,1.014916,1.03044,1.046484,1.062963,1.079789,1.096875,1.114135,1.131482,1.148828,1.166088,1.183174,1.2
c268,1.05,1.045833,1.041667,1.0375,1.033333,1.029167,1.025,1.020833,1.016667,1.0125,1.008333,1.004167,1.0,0.995833,0.991667,0.9875,0.983333,0.979167,0.975,0.970833,0.966667,0.9625,0.958333,0.954167,0.95
c269,0.0,0.0,0.0,0.0,0.0,0.0,0.0,0.0,0.0,0.0,0.0,0.0,-0.0,0.001968,0.007407,0.015625,0.025926,0.037616,0.05,0.062384,0.074074,0.084375,0.092593,0.098032,0.1
c270,0.0,0.0,0.0,0.0,0.0,0.0,0.0,0.0,0.0,0.0,0.0,0.0,-0.0,-0.16669999999999163,-0.33330000000000837,-0.5,-0.6666999999999916,-0.8333000000000084,-1.0,-1.1666999999999916,-1.3333000000000084,-1.5,-1.6666999999999916,-1.8333000000000084,-2.0
c271,0.0,0.0,0.0,0.0,0.0,0.0,0.0,0.0,0.0,0.0,0.0,0.0,-0.0,0.001331,0.005093,0.010938,0.018519,0.027488,0.0375,0.048206,0.059259,0.070313,0.081019,0.09103,0.1
c272,0.05,0.049557,0.048264,0.046172,0.043333,0.0398,0.035625,0.030859,0.025556,0.019766,0.013542,0.006936,-0.0,-0.007549,-0.015949,-0.025078,-0.034815,-0.045038,-0.055625,-0.066455,-0.077407,-0.088359,-0.09919,-0.109777,-0.12
c273,-6.0,-5.493600000000015,-4.9769000000000005,-4.453100000000006,-3.925900000000013,-3.3987000000000194,-2.875,-2.3582000000000107,-1.8518000000000256,-1.3593999999999937,-0.8842000000000212,-0.4300000000000068,0.0,0.403357,0.782408,1.140626,1.481482,1.80845,2.125,2.434607,2.740742,3.046876,3.356482,3.673035,4.0
c274,0.01,0.009994,0.009954,0.009844,0.00963,0.009277,0.00875,0.008015,0.007037,0.005781,0.004213,0.002297,-0.0,-0.003432,-0.008565,-0.015156,-0.022963,-0.031742,-0.04125,-0.051244,-0.061482,-0.071719,-0.081713,-0.091221,-0.1
c275,0.0,0.0,0.0,0.0,0.0,0.0,0.0,0.0,0.0,0.0,0.0,0.0,0.0,0.060991,0.121983,0.182974,0.243966,0.304957,0.365948,0.42694,0.487931,0.548922,0.609914,0.670906,0.731897
c276,-0.04,-0.036667,-0.033333,-0.03,-0.026667,-0.023333,-0.02,-0.016667,-0.013333,-0.01,-0.006667,-0.003333,0.0,0.003333,0.006667,0.01,0.013333,0.016667,0.02,0.023333,0.026667,0.03,0.033333,0.036667,0.04
c277,-0.33,-0.332816,-0.333787,-0.333176,-0.331247,-0.328264,-0.32449,-0.320189,-0.315624,-0.311059,-0.306757,-0.302983,-0.3,-0.2975,-0.295,-0.2925,-0.29,-0.2875,-0.285,-0.2825,-0.28,-0.2775,-0.275,-0.2725,-0.27
c278,0.075,0.071651,0.068275,0.064883,0.061481,0.05808,0.054688,0.051312,0.047963,0.044648,0.041377,0.038158,0.035,0.031908,0.028877,0.025898,0.022963,0.020062,0.017188,0.01433,0.011481,0.008633,0.005775,0.002901,0.0
c279,0.98,0.981667,0.983333,0.985,0.986667,0.988333,0.99,0.991667,0.993333,0.995,0.996667,0.998333,1.0,1.001667,1.003333,1.005,1.006667,1.008333,1.01,1.011667,1.013333,1.015,1.016667,1.018333,1.02
c280,-0.05,-0.045992,-0.042245,-0.038672,-0.035185,-0.031698,-0.028125,-0.024378,-0.02037,-0.016016,-0.011227,-0.005917,0.0,0.006583,0.013773,0.021484,0.02963,0.038122,0.046875,0.055802,0.064815,0.073828,0.082755,0.091508,0.1
c281,-0.3,-0.316667,-0.333333,-0.35,-0.366667,-0.383333,-0.4,-0.416667,-0.433333,-0.45,-0.466667,-0.483333,-0.5,-0.516667,-0.533333,-0.55,-0.566667,-0.583333,-0.6,-0.616667,-0.633333,-0.65,-0.666667,-0.683333,-0.7
c282,0.8,0.804803,0.811199,0.819356,0.829445,0.841635,0.856095,0.872993,0.892501,0.914786,0.940017,0.968366,1.0,1.035995,1.076852,1.121875,1.17037,1.221644,1.275,1.329745,1.385185,1.440625,1.49537,1.548727,1.6
c283,0.9,0.900561,0.902292,0.905267,0.909557,0.915237,0.922378,0.931054,0.941337,0.9533,0.967017,0.982559,1.0,1.022129,1.051039,1.085762,1.12533,1.168773,1.215122,1.263409,1.312665,1.361921,1.410208,1.456557,1.5
c284,0.6,0.624845,0.650743,0.67784,0.706284,0.736222,0.767802,0.801171,0.836475,0.873863,0.913482,0.955478,1.0,1.04783,1.099306,1.153906,1.211111,1.270399,1.33125,1.393142,1.455556,1.517969,1.579861,1.640712,1.7
c285,0.1,0.091826,0.083912,0.076172,0.068518,0.060865,0.053125,0.045211,0.037037,0.028516,0.01956,0.010084,-0.0,-0.010749,-0.022107,-0.033984,-0.046296,-0.058955,-0.071875,-0.084968,-0.098148,-0.111328,-0.124421,-0.137341,-0.15
c286,-0.08,-0.073397,-0.066898,-0.060469,-0.054074,-0.047679,-0.04125,-0.034751,-0.028148,-0.021406,-0.014491,-0.007367,0.0,0.007633,0.015509,0.023594,0.031852,0.040249,0.04875,0.057321,0.065926,0.074531,0.083102,0.091603,0.1
c287,0.03,0.027468,0.024884,0.022266,0.01963,0.016994,0.014375,0.011791,0.009259,0.006797,0.004421,0.00215,-0.0,-0.002017,-0.003912,-0.005703,-0.007407,-0.009042,-0.010625,-0.012173,-0.013704,-0.015234,-0.016782,-0.018365,-0.02
c288,-5.0,-4.583300000000008,-4.166699999999992,-3.75,-3.3333000000000084,-2.9166999999999916,-2.5,-2.0833000000000084,-1.6666999999999916,-1.25,-0.8333000000000084,-0.41669999999999163,0.0,0.416667,0.833335,1.250001,1.666667,2.083335,2.5,2.916667,3.333335,3.75,4.166668,4.583335,5.0
c289,-0.6,-0.55,-0.5,-0.45,-0.4,-0.35,-0.3,-0.25,-0.2,-0.15,-0.1,-0.05,0.0,0.05,0.1,0.15,0.2,0.25,0.3,0.35,0.4,0.45,0.5,0.55,0.6
c290,-11.999900000000025,-10.999900000000025,-9.999900000000025,-8.999900000000025,-7.999900000000025,-6.999900000000025,-5.999900000000025,-4.999900000000025,-3.999900000000025,-2.999900000000025,-1.999900000000025,-0.9999000000000251,7.8e-05,1.000078,2.00008,3.000078,4.000079,5.000081,6.000078,7.000078,8.00008,9.000078,10.00008,11.00008,12.00008
c291,-12.0,-11.0,-10.0,-9.0,-8.0,-7.0,-6.0,-5.0,-4.0,-3.0,-2.0,-1.0,1e-06,1.000001,2.000003,3.000001,4.000002,5.000003,6.0,7.000002,8.000004,9.000001,10.0,11.0,12.0
c292,0.0,0.0,0.0,0.0,0.0,0.0,0.0,0.0,0.0,0.0,0.0,0.0,0.0,-0.01,-0.02,-0.03,-0.04,-0.05,-0.06,-0.07,-0.08,-0.09,-0.1,-0.11,-0.12
c293,0.0,0.0,0.0,0.0,0.0,0.0,0.0,0.0,0.0,0.0,0.0,0.0,0.0,0.007986,0.030556,0.065625,0.111111,0.164931,0.225,0.289236,0.355556,0.421875,0.486111,0.546181,0.6
c294,-0.01,-0.009167,-0.008333,-0.0075,-0.006667,-0.005833,-0.005,-0.004167,-0.003333,-0.0025,-0.001667,-0.000833,0.0,0.000833,0.001667,0.0025,0.003333,0.004167,0.005,0.005833,0.006667,0.0075,0.008333,0.009167,0.01
c295,0.95,0.953623,0.957119,0.960556,0.964001,0.967523,0.971189,0.975066,0.979223,0.983727,0.988646,0.994048,1.0,1.006506,1.013495,1.020921,1.02874,1.036906,1.045373,1.054098,1.063035,1.072139,1.081364,1.090666,1.1
c296,0.05,0.045833,0.041667,0.0375,0.033333,0.029167,0.025,0.020833,0.016667,0.0125,0.008333,0.004167,-0.0,-0.0125,-0.025,-0.0375,-0.05,-0.0625,-0.075,-0.0875,-0.1,-0.1125,-0.125,-0.1375,-0.15
c297,0.95,0.950188,0.95081,0.951953,0.953704,0.956149,0.959375,0.963469,0.968518,0.974609,0.981829,0.990263,1.0,1.011415,1.024653,1.039453,1.055556,1.0727,1.090625,1.109071,1.127778,1.146484,1.164931,1.182856,1.2
c298,0.04,0.036412,0.032407,0.028125,0.023704,0.019282,0.015,0.010995,0.007407,0.004375,0.002037,0.000532,0.0,0.0,0.0,0.0,0.0,0.0,0.0,0.0,0.0,0.0,0.0,0.0,0.0
c299,0.0,0.0,0.0,0.0,0.0,0.0,0.0,0.0,0.0,0.0,0.0,0.0,0.0,-0.006667,-0.013333,-0.02,-0.026667,-0.033333,-0.04,-0.046667,-0.053333,-0.06,-0.066667,-0.073333,-0.08
c300,0.9,0.907856,0.914931,0.921484,0.927778,0.934071,0.940625,0.9477,0.955556,0.964453,0.974653,0.986415,1.0,1.015582,1.032986,1.051953,1.072222,1.093533,1.115625,1.138238,1.161111,1.183984,1.206597,1.228689,1.25
c301,-0.04,-0.036412,-0.032407,-0.028125,-0.023704,-0.019282,-0.015,-0.010995,-0.007407,-0.004375,-0.002037,-0.000532,0.0,0.0,0.0,0.0,0.0,0.0,0.0,0.0,0.0,0.0,0.0,0.0,0.0
c302,0.9,0.900217,0.901042,0.902734,0.905555,0.909766,0.915625,0.923394,0.933333,0.945703,0.960764,0.978776,1.0,1.025246,1.054745,1.087891,1.124074,1.162688,1.203125,1.244777,1.287037,1.329297,1.370949,1.411386,1.45
c303,0.9,0.900535,0.902199,0.905078,0.909259,0.914829,0.921875,0.930483,0.940741,0.952734,0.966551,0.982277,1.0,1.020414,1.043866,1.069922,1.098148,1.128111,1.159375,1.191507,1.224074,1.256641,1.288773,1.320038,1.35
c304,0.500458,0.543358,0.588339,0.634707,0.68177,0.728832,0.7752,0.820181,0.863082,0.903207,0.939865,0.97236,1.0,1.022322,1.039788,1.053093,1.062929,1.069991,1.074971,1.078565,1.081465,1.084364,1.087958,1.092938,1.1
c305,0.025,0.024747,0.024016,0.022852,0.021296,0.019394,0.017188,0.014721,0.012037,0.00918,0.006192,0.003118,-0.0,-0.003291,-0.006887,-0.010742,-0.014815,-0.019061,-0.023438,-0.027901,-0.032407,-0.036914,-0.041377,-0.045754,-0.05
c306,0.9,0.901013,0.903935,0.908594,0.914815,0.922425,0.93125,0.941117,0.951852,0.963281,0.975232,0.987529,1.0,1.013165,1.027546,1.042969,1.059259,1.076244,1.09375,1.111603,1.12963,1.147656,1.165509,1.183015,1.2
c307,0.95,0.949711,0.949074,0.948438,0.948148,0.948553,0.95,0.952836,0.957407,0.964063,0.973148,0.985012,1.0,1.018663,1.040972,1.066406,1.094444,1.124566,1.15625,1.188976,1.222222,1.255469,1.288194,1.319878,1.35
c308,0.95,0.950029,0.950232,0.950781,0.951852,0.953617,0.95625,0.959925,0.964815,0.971094,0.978935,0.988513,1.0,1.013831,1.030093,1.048437,1.068519,1.089988,1.1125,1.135706,1.159259,1.182812,1.206018,1.22853,1.25
c309,0.9,0.908174,0.916088,0.923828,0.931481,0.939135,0.946875,0.954789,0.962963,0.971484,0.98044,0.989916,1.0,1.010749,1.022107,1.033984,1.046296,1.058955,1.071875,1.084968,1.098148,1.111328,1.124421,1.137341,1.15
c310,0.0,0.0,0.0,0.0,0.0,0.0,0.0,0.0,0.0,0.0,0.0,0.0,0.0,-0.03989999999998872,-0.15280000000001337,-0.3281000000000063,-0.555499999999995,-0.8245999999999754,-1.125,-1.4461999999999762,-1.7778000000000134,-2.1093999999999937,-2.430499999999995,-2.7309000000000196,-3.0
c311,0.8,0.815712,0.829861,0.842969,0.855556,0.868142,0.88125,0.895399,0.911111,0.928906,0.949306,0.97283,1.0,1.031163,1.065972,1.103906,1.144444,1.187066,1.23125,1.276476,1.322222,1.367969,1.413194,1.457379,1.5
c312,0.85,0.8625,0.875001,0.887502,0.900004,0.912505,0.925006,0.937507,0.950007,0.962507,0.975006,0.987503,1.0,1.012495,1.024989,1.037482,1.049974,1.062466,1.074956,1.087447,1.099937,1.112428,1.124918,1.137409,1.1499
c313,0.8,0.815393,0.828704,0.840625,0.851852,0.863079,0.875,0.88831,0.903704,0.921875,0.943519,0.969329,1.0,1.035995,1.076852,1.121875,1.17037,1.221644,1.275,1.329745,1.385185,1.440625,1.49537,1.548727,1.6
c314,0.0,0.0,0.0,0.0,0.0,0.0,0.0,0.0,0.0,0.0,0.0,0.0,-0.0,0.003333,0.006667,0.01,0.013333,0.016667,0.02,0.023333,0.026667,0.03,0.033333,0.036667,0.04
c315,0.0,0.0,0.0,0.0,0.0,0.0,0.0,0.0,0.0,0.0,0.0,0.0,0.0,0.333328,0.666623,0.999849,1.332973,1.665962,1.998781,2.331398,2.663778,2.995886,3.327688,3.659153,3.990241
c316,-0.0,-0.0,-0.0,-0.0,-0.0,-0.0,-0.0,-0.0,-0.0,-0.0,-0.0,-0.0,-0.0,-0.33330000000000837,-0.6666999999999916,-1.0002000000000066,-1.3337000000000216,-1.6673999999999864,-2.001199999999983,-2.335300000000018,-2.6696000000000026,-3.004099999999994,-3.3389999999999986,-3.674199999999985,-4.009700000000009
c317,0.5,0.541348,0.582176,0.622656,0.662963,0.70327,0.74375,0.784578,0.825926,0.867969,0.91088,0.954832,1.0,1.046499,1.094213,1.142969,1.192593,1.242911,1.29375,1.344936,1.396297,1.447656,1.498843,1.549682,1.6
c318,-0.0,-0.0,-0.0,-0.0,-0.0,-0.0,-0.0,-0.0,-0.0,-0.0,-0.0,-0.0,0.0,-0.003333,-0.006667,-0.01,-0.013333,-0.016667,-0.02,-0.023333,-0.026667,-0.03,-0.033333,-0.036667,-0.04
c319,-0.0,-0.0,-0.0,-0.0,-0.0,-0.0,-0.0,-0.0,-0.0,-0.0,-0.0,-0.0,0.0,0.333339,0.666713,1.000153,1.333695,1.667372,2.001218,2.335268,2.669554,3.00411,3.33897,3.674169,4.009736
c320,-0.05,-0.045833,-0.041667,-0.0375,-0.033333,-0.029167,-0.025,-0.020833,-0.016667,-0.0125,-0.008333,-0.004167,0.0,0.000833,0.001667,0.0025,0.003333,0.004167,0.005,0.005833,0.006667,0.0075,0.008333,0.009167,0.01
c321,-0.59699999999998,-0.59699999999998,-0.59699999999998,-0.59699999999998,-0.59699999999998,-0.59699999999998,-0.59699999999998,-0.59699999999998,-0.59699999999998,-0.59699999999998,-0.59699999999998,-0.59699999999998,-0.59699999999998,-0.59699999999998,-0.59699999999998,-0.59699999999998,-0.59699999999998,-0.59699999999998,-0.59699999999998,-0.59699999999998,-0.59699999999998,-0.59699999999998,-0.59699999999998,-0.59699999999998,-0.59699999999998
c322,-2.0,-1.8333000000000084,-1.6666999999999916,-1.5,-1.3333000000000084,-1.1666999999999916,-1.0,-0.8333000000000084,-0.6666999999999916,-0.5,-0.33330000000000837,-0.16669999999999163,-2e-06,0.166665,0.333332,0.499998,0.666665,0.833332,0.999998,1.166665,1.333332,1.499998,1.666665,1.833332,1.999998
c323,0.8,0.81603,0.831018,0.845313,0.859259,0.873206,0.8875,0.902488,0.918519,0.935937,0.955093,0.976331,1.0,1.026331,1.055093,1.085938,1.118518,1.152488,1.1875,1.223206,1.259259,1.295313,1.331018,1.36603,1.4
c324,1.999856,1.833189,1.666522,1.499856,1.333189,1.166523,0.999856,0.833189,0.666522,0.499856,0.333189,0.166522,-0.000144,-0.16680000000002337,-0.333500000000015,-0.5002000000000066,-0.6668000000000234,-0.833500000000015,-1.0002000000000066,-1.1668000000000234,-1.333500000000015,-1.5002000000000066,-1.6668000000000234,-1.833500000000015,-2.0002000000000066
c325,0.9,0.908015,0.915509,0.922656,0.92963,0.936603,0.94375,0.951244,0.959259,0.967969,0.977546,0.988166,1.0,1.013165,1.027546,1.042969,1.059259,1.076244,1.09375,1.111603,1.12963,1.147656,1.165509,1.183015,1.2
c326,0.9,0.899899,0.899884,0.900391,0.901852,0.904702,0.909375,0.916305,0.925926,0.938672,0.954977,0.975275,1.0,1.030078,1.065625,1.105859,1.15,1.197266,1.246875,1.298047,1.35,1.401953,1.453125,1.502735,1.55
c327,0.9,0.900376,0.90162,0.903906,0.907407,0.912297,0.91875,0.926939,0.937037,0.949219,0.963657,0.980527,1.0,1.02283,1.049306,1.078906,1.111111,1.145399,1.18125,1.218142,1.255556,1.292969,1.329861,1.365712,1.4
c328,0.9,0.906901,0.911458,0.914453,0.916667,0.91888,0.921875,0.926432,0.933333,0.943359,0.957292,0.975911,1.0,1.030078,1.065625,1.105859,1.15,1.197266,1.246875,1.298047,1.35,1.401953,1.453125,1.502735,1.55
c329,0.9,0.907378,0.913194,0.917969,0.922222,0.926476,0.93125,0.937066,0.944444,0.953906,0.965972,0.981163,1.0,1.02283,1.049306,1.078906,1.111111,1.145399,1.18125,1.218142,1.255556,1.292969,1.329861,1.365712,1.4
c330,0.8,0.816826,0.833912,0.851172,0.868518,0.885865,0.903125,0.920211,0.937037,0.953516,0.96956,0.985084,1.0,1.014251,1.027894,1.041016,1.053704,1.066045,1.078125,1.090032,1.101852,1.113672,1.125579,1.137659,1.15
c331,0.8,0.802025,0.80787,0.817187,0.82963,0.84485,0.8625,0.882234,0.903704,0.926562,0.950463,0.975058,1.0,1.026331,1.055093,1.085938,1.118518,1.152488,1.1875,1.223206,1.259259,1.295313,1.331018,1.36603,1.4
c332,0.85,0.861704,0.872107,0.881641,0.890741,0.899841,0.909375,0.919777,0.931481,0.944922,0.960532,0.978747,1.0,1.02458,1.052199,1.082422,1.114815,1.148944,1.184375,1.220674,1.257408,1.294141,1.33044,1.365871,1.4
c333,0.95,0.95353,0.956018,0.957812,0.959259,0.960706,0.9625,0.964988,0.968518,0.973437,0.980093,0.988831,1.0,1.013831,1.030093,1.048437,1.068519,1.089988,1.1125,1.135706,1.159259,1.182812,1.206018,1.22853,1.25
c334,0.0,0.004167,0.008333,0.0125,0.016667,0.020833,0.025,0.029167,0.033333,0.0375,0.041667,0.045833,0.05,0.054167,0.058333,0.0625,0.066667,0.070833,0.075,0.079167,0.083333,0.0875,0.091667,0.095833,0.1
c335,1.0,1.03125,1.0625,1.09375,1.125,1.15625,1.1875,1.21875,1.25,1.28125,1.3125,1.34375,1.375,1.40625,1.4375,1.46875,1.5,1.53125,1.5625,1.59375,1.625,1.65625,1.6875,1.71875,1.75
c336,0.0,0.003125,0.00625,0.009375,0.0125,0.015625,0.01875,0.021875,0.025,0.028125,0.03125,0.034375,0.0375,0.040625,0.04375,0.046875,0.05,0.053125,0.05625,0.059375,0.0625,0.065625,0.06875,0.071875,0.075
